true_persona,age,monthly_income,savings_rate,pct_spend_discretionary,app_opens_per_week,avg_transaction_value,transactions_per_month,investment_balance,credit_utilization,months_active,monthly_spend
Young Digital Spender,25,3970.0,0.141,0.648,30.5,36.16,64,560.0,0.554,15,3600.0
Budget-Conscious Saver,38,5680.0,0.308,0.152,1.9,26.47,26,930.0,0.19,49,3710.0
Budget-Conscious Saver,33,4270.0,0.21,0.24,10.2,40.28,24,2730.0,0.163,14,3670.0
Steady Middle,34,6720.0,0.186,0.337,7.6,72.21,25,8240.0,0.215,47,5790.0
Credit-Reliant Household,34,3310.0,-0.027,0.432,13.1,24.85,40,150.0,0.869,48,3860.0
Steady Middle,29,6870.0,0.114,0.359,6.9,99.45,19,7440.0,0.395,38,6370.0
Budget-Conscious Saver,33,3950.0,0.189,0.237,2.0,19.01,17,3100.0,0.147,58,3190.0
Steady Middle,36,7250.0,0.23,0.405,10.5,59.12,34,6710.0,0.247,54,6040.0
Young Digital Spender,20,3120.0,0.087,0.503,10.3,44.55,62,360.0,0.447,37,2600.0
Credit-Reliant Household,37,2740.0,0.003,0.394,12.6,57.28,33,250.0,0.701,52,2360.0
Steady Middle,28,6030.0,0.112,0.372,10.3,90.88,30,4680.0,0.36,42,5440.0
High-Income Investor,50,17230.0,0.349,0.487,6.4,209.43,29,64680.0,0.074,8,11610.0
Steady Middle,49,4480.0,0.103,0.413,7.9,62.01,27,13200.0,0.332,1,4110.0
Credit-Reliant Household,48,4460.0,-0.024,0.435,8.3,16.36,25,120.0,0.643,23,4620.0
Credit-Reliant Household,52,4770.0,0.052,0.504,10.0,41.82,35,100.0,0.802,20,3920.0
Credit-Reliant Household,45,3050.0,-0.051,0.324,6.0,44.11,23,190.0,0.742,30,3260.0
High-Income Investor,44,16580.0,0.291,0.446,6.1,152.69,17,109810.0,0.182,39,12420.0
Budget-Conscious Saver,36,4710.0,0.155,0.219,7.6,60.29,16,5110.0,0.13,25,3500.0
Budget-Conscious Saver,33,6390.0,0.297,0.217,8.7,60.31,3,2830.0,0.186,28,4480.0
Steady Middle,28,4860.0,0.089,0.232,7.5,84.64,25,10310.0,0.222,12,4380.0
Credit-Reliant Household,32,3700.0,-0.059,0.508,3.6,41.43,33,320.0,1.0,43,4040.0
Budget-Conscious Saver,35,5270.0,0.152,0.243,3.0,43.55,19,4810.0,0.096,36,5130.0
High-Income Investor,54,11390.0,0.279,0.388,4.9,183.84,13,71060.0,0.157,37,9040.0
High-Income Investor,47,13400.0,0.362,0.245,5.9,84.16,11,37290.0,0.121,4,9000.0
Steady Middle,33,6840.0,0.071,0.412,13.3,95.97,23,7130.0,0.38,43,6060.0
Young Digital Spender,24,2720.0,0.052,0.66,26.2,25.24,55,370.0,0.528,42,2860.0
Young Digital Spender,27,4440.0,0.041,0.544,22.8,36.07,39,210.0,0.333,32,4540.0
Steady Middle,29,7190.0,0.108,0.339,11.8,71.6,33,5090.0,0.347,19,6220.0
Steady Middle,34,6290.0,0.087,0.336,8.6,64.84,35,3260.0,0.157,44,5460.0
Credit-Reliant Household,42,2710.0,-0.018,0.455,9.3,33.95,21,300.0,0.698,31,2830.0
Young Digital Spender,24,3900.0,0.021,0.57,26.3,48.22,52,380.0,0.545,25,3670.0
Steady Middle,47,7880.0,0.154,0.41,8.7,67.33,34,5320.0,0.223,51,6730.0
Steady Middle,39,4770.0,0.148,0.281,6.0,95.45,26,6160.0,0.146,59,3830.0
Steady Middle,31,4480.0,0.192,0.399,9.8,74.48,32,3600.0,0.255,32,3560.0
Budget-Conscious Saver,32,3840.0,0.171,0.222,10.4,40.98,41,2980.0,0.142,49,3570.0
Credit-Reliant Household,38,4540.0,0.002,0.342,6.0,28.31,20,40.0,0.746,35,4760.0
Credit-Reliant Household,32,2680.0,0.004,0.453,12.8,10.19,39,90.0,0.767,5,2940.0
Credit-Reliant Household,48,4190.0,0.032,0.371,4.5,26.62,36,60.0,0.643,5,4600.0
Young Digital Spender,25,3580.0,0.075,0.624,15.6,21.79,48,20.0,0.238,40,3160.0
Young Digital Spender,25,4460.0,0.106,0.743,22.4,21.32,56,60.0,0.239,27,3450.0
Budget-Conscious Saver,38,3730.0,0.339,0.222,11.6,48.09,30,5050.0,0.135,13,2590.0
Credit-Reliant Household,39,2790.0,-0.022,0.451,8.2,16.21,38,40.0,0.794,11,3100.0
Steady Middle,40,7550.0,0.127,0.371,7.3,57.55,19,7420.0,0.263,5,6170.0
Credit-Reliant Household,32,3460.0,-0.017,0.318,6.6,41.47,33,380.0,0.857,41,3130.0
Steady Middle,37,5890.0,0.068,0.273,7.7,69.78,18,2340.0,0.266,12,6060.0
Steady Middle,30,4240.0,0.076,0.318,8.3,30.35,30,8870.0,0.378,26,3900.0
Budget-Conscious Saver,29,4080.0,0.171,0.26,8.6,64.57,15,3670.0,0.111,28,3430.0
Steady Middle,48,4280.0,0.129,0.4,12.5,35.93,29,1410.0,0.233,12,3600.0
Budget-Conscious Saver,39,4320.0,0.277,0.361,8.4,51.16,14,780.0,0.319,43,2780.0
Credit-Reliant Household,37,4920.0,0.058,0.457,10.2,40.58,40,480.0,0.816,42,4100.0
High-Income Investor,38,8440.0,0.25,0.449,3.2,177.17,24,71640.0,0.131,44,7150.0
Steady Middle,26,5290.0,0.167,0.483,2.7,69.77,41,18160.0,0.287,54,4700.0
Credit-Reliant Household,44,2970.0,0.012,0.33,8.2,15.7,42,20.0,0.809,17,3320.0
Young Digital Spender,25,3050.0,0.005,0.581,27.3,24.49,48,370.0,0.345,13,2980.0
Steady Middle,34,7240.0,0.196,0.359,4.0,48.05,33,5500.0,0.466,39,5800.0
Young Digital Spender,20,3750.0,0.018,0.734,19.6,41.54,61,440.0,0.368,53,3360.0
Budget-Conscious Saver,33,4230.0,0.333,0.293,4.7,26.85,25,900.0,0.123,15,3140.0
High-Income Investor,54,13140.0,0.384,0.347,5.7,160.31,15,116670.0,0.049,41,7000.0
Steady Middle,48,7320.0,0.134,0.357,7.5,77.92,29,2820.0,0.294,12,7010.0
Young Digital Spender,24,2900.0,0.035,0.638,19.9,28.79,64,470.0,0.533,12,3070.0
Budget-Conscious Saver,37,6350.0,0.325,0.28,6.6,56.99,29,7850.0,0.098,5,3720.0
Young Digital Spender,27,2350.0,0.055,0.67,21.3,60.39,74,390.0,0.287,51,2260.0
Young Digital Spender,26,3070.0,0.069,0.469,15.5,63.19,69,260.0,0.416,36,3190.0
High-Income Investor,42,14920.0,0.387,0.418,6.7,124.97,21,31530.0,0.065,15,8100.0
Steady Middle,41,4800.0,0.11,0.402,4.5,97.01,33,10020.0,0.283,48,3750.0
Credit-Reliant Household,47,4730.0,0.025,0.383,6.1,41.1,32,10.0,0.798,3,4070.0
Budget-Conscious Saver,34,5730.0,0.397,0.227,6.2,66.44,30,2010.0,0.063,9,3960.0
Budget-Conscious Saver,26,4140.0,0.186,0.179,6.1,36.65,34,2360.0,0.099,57,3290.0
High-Income Investor,47,8540.0,0.424,0.4,6.9,190.66,18,80920.0,0.035,22,4860.0
Credit-Reliant Household,45,2970.0,-0.078,0.47,13.1,27.86,42,350.0,0.724,19,3400.0
Steady Middle,44,5880.0,0.175,0.288,8.0,81.88,39,7580.0,0.389,38,5190.0
Young Digital Spender,21,4490.0,0.063,0.496,10.4,31.14,60,200.0,0.38,54,4250.0
Budget-Conscious Saver,39,4650.0,0.343,0.318,8.9,79.56,24,560.0,0.256,55,2770.0
Credit-Reliant Household,46,3120.0,0.012,0.395,10.0,56.57,41,130.0,0.916,12,2740.0
High-Income Investor,40,10030.0,0.341,0.329,4.0,80.95,20,41380.0,0.167,29,6170.0
Steady Middle,41,4770.0,0.16,0.335,4.4,47.12,38,4410.0,0.256,41,3490.0
Budget-Conscious Saver,35,3670.0,0.241,0.307,11.4,70.94,36,1660.0,0.146,37,2890.0
Young Digital Spender,23,4140.0,0.06,0.482,27.6,32.72,65,240.0,0.414,13,4320.0
Steady Middle,39,6040.0,0.137,0.327,7.6,65.51,35,12550.0,0.317,31,5120.0
Steady Middle,30,4800.0,0.09,0.372,8.7,40.65,27,2550.0,0.227,1,4340.0
Credit-Reliant Household,44,3220.0,-0.032,0.353,7.7,46.21,32,100.0,0.552,20,3620.0
High-Income Investor,36,8450.0,0.257,0.462,3.7,226.0,11,138870.0,0.125,20,7030.0
Young Digital Spender,27,3290.0,0.021,0.598,19.4,52.08,68,150.0,0.463,18,3570.0
Credit-Reliant Household,46,4840.0,-0.016,0.395,6.6,47.04,23,50.0,0.711,17,5060.0
High-Income Investor,41,10300.0,0.219,0.439,5.4,120.25,14,117470.0,0.031,37,9070.0
Steady Middle,29,6470.0,0.2,0.38,8.0,78.16,24,1990.0,0.204,9,5890.0
Budget-Conscious Saver,35,6330.0,0.32,0.256,4.3,71.6,24,3670.0,0.204,19,3760.0
Budget-Conscious Saver,27,4860.0,0.201,0.305,5.0,79.99,35,1640.0,0.127,13,3390.0
Young Digital Spender,27,2430.0,0.01,0.558,25.5,45.07,65,10.0,0.358,10,2760.0
Budget-Conscious Saver,38,4910.0,0.273,0.232,3.7,46.66,36,2760.0,0.162,41,3850.0
Credit-Reliant Household,45,2880.0,0.07,0.293,10.3,47.5,24,170.0,0.781,30,2530.0
Budget-Conscious Saver,41,4790.0,0.287,0.16,5.8,62.0,27,8580.0,0.065,3,3460.0
Credit-Reliant Household,54,4390.0,-0.036,0.488,11.2,48.93,24,10.0,0.916,5,4760.0
High-Income Investor,56,8250.0,0.229,0.223,4.7,80.75,20,100310.0,0.006,14,6710.0
Young Digital Spender,22,2780.0,0.087,0.536,19.8,34.18,74,30.0,0.509,55,2600.0
Budget-Conscious Saver,40,6240.0,0.285,0.181,6.0,31.69,34,5710.0,0.11,59,4880.0
High-Income Investor,36,15640.0,0.444,0.342,8.9,191.3,20,8850.0,0.0,48,8930.0
Budget-Conscious Saver,30,3750.0,0.312,0.213,0.1,33.04,35,2590.0,0.069,47,2280.0
High-Income Investor,45,17790.0,0.218,0.481,6.8,65.42,21,52330.0,0.11,25,13760.0
Budget-Conscious Saver,36,5440.0,0.306,0.283,4.7,64.55,19,5210.0,0.147,43,3950.0
High-Income Investor,55,14250.0,0.259,0.386,8.0,70.51,15,119850.0,0.04,13,9610.0
Budget-Conscious Saver,31,5280.0,0.348,0.238,8.2,65.2,30,4120.0,0.18,11,3130.0
Credit-Reliant Household,44,3140.0,-0.097,0.334,10.6,38.83,34,10.0,0.797,45,3900.0
High-Income Investor,51,13510.0,0.299,0.436,1.6,108.56,11,47420.0,0.066,28,8660.0
Steady Middle,44,4340.0,0.18,0.359,8.0,67.37,13,1980.0,0.363,2,3950.0
High-Income Investor,35,8620.0,0.247,0.388,4.4,205.69,13,136560.0,0.015,38,7430.0
Young Digital Spender,22,2300.0,0.056,0.581,17.6,13.33,77,450.0,0.299,19,2170.0
Young Digital Spender,25,4450.0,0.016,0.612,20.7,46.18,66,230.0,0.189,34,4980.0
Budget-Conscious Saver,30,3040.0,0.25,0.282,9.7,60.19,30,2310.0,0.284,38,2250.0
Young Digital Spender,23,2280.0,-0.004,0.62,30.6,11.75,33,310.0,0.311,52,2210.0
Budget-Conscious Saver,31,5770.0,0.299,0.269,8.9,56.52,29,4450.0,0.207,56,3470.0
Budget-Conscious Saver,41,4310.0,0.292,0.309,3.8,72.93,35,2990.0,0.188,55,3440.0
Budget-Conscious Saver,34,5370.0,0.339,0.177,4.3,48.01,23,1150.0,0.151,27,3100.0
Young Digital Spender,24,2770.0,0.024,0.655,28.9,36.34,53,380.0,0.242,7,2340.0
Budget-Conscious Saver,37,4890.0,0.224,0.291,4.4,53.69,22,1150.0,0.192,4,4040.0
Budget-Conscious Saver,26,4460.0,0.327,0.265,7.6,30.49,27,1300.0,0.224,29,2990.0
High-Income Investor,44,17070.0,0.227,0.279,6.4,160.88,8,22950.0,0.096,38,12930.0
Young Digital Spender,24,3480.0,-0.0,0.486,23.5,34.74,60,90.0,0.207,20,3010.0
Young Digital Spender,25,3380.0,0.065,0.691,17.4,37.83,56,180.0,0.263,14,3150.0
Budget-Conscious Saver,29,4210.0,0.391,0.199,12.1,69.09,14,2200.0,0.065,28,2830.0
Credit-Reliant Household,41,3800.0,0.024,0.316,14.4,18.18,33,110.0,0.794,26,3190.0
Young Digital Spender,27,3910.0,-0.02,0.496,27.2,46.85,39,220.0,0.442,8,4250.0
Budget-Conscious Saver,31,5740.0,0.289,0.219,7.5,48.22,19,4920.0,0.247,25,4520.0
Young Digital Spender,21,2900.0,-0.001,0.522,27.0,55.35,42,90.0,0.335,12,2790.0
Budget-Conscious Saver,41,4410.0,0.227,0.224,4.3,46.27,18,8580.0,0.087,53,3680.0
Steady Middle,47,6420.0,0.158,0.308,3.4,31.55,33,3770.0,0.206,22,5400.0
Budget-Conscious Saver,35,5750.0,0.35,0.352,5.3,24.88,23,1750.0,0.081,59,3380.0
Steady Middle,29,6290.0,0.138,0.386,7.1,92.62,17,1310.0,0.257,41,4640.0
Credit-Reliant Household,37,4510.0,0.003,0.451,9.1,30.14,27,80.0,0.607,28,4530.0
Young Digital Spender,22,4440.0,0.105,0.477,23.3,53.39,55,390.0,0.383,8,4330.0
Young Digital Spender,22,3980.0,0.07,0.525,20.2,25.88,41,90.0,0.301,44,3220.0
Steady Middle,43,6870.0,0.035,0.437,13.5,48.18,24,6350.0,0.13,32,7480.0
High-Income Investor,47,16450.0,0.297,0.216,7.2,164.69,18,65050.0,0.105,33,11960.0
Young Digital Spender,23,3010.0,0.014,0.626,13.3,36.67,49,60.0,0.304,30,2640.0
Budget-Conscious Saver,38,5910.0,0.329,0.191,10.8,49.88,36,3300.0,0.226,10,4520.0
Budget-Conscious Saver,26,3510.0,0.248,0.226,7.1,60.53,23,4190.0,0.203,42,2850.0
Budget-Conscious Saver,32,5250.0,0.266,0.287,9.8,29.39,18,5420.0,0.141,7,4400.0
Steady Middle,33,6870.0,0.094,0.365,8.1,86.5,39,8250.0,0.139,47,6030.0
Budget-Conscious Saver,33,5910.0,0.341,0.262,5.9,64.42,24,4110.0,0.195,14,3970.0
Steady Middle,38,7490.0,0.147,0.317,9.6,51.36,36,7330.0,0.34,58,6340.0
Budget-Conscious Saver,36,5230.0,0.171,0.12,9.6,54.2,33,1190.0,0.083,45,4730.0
Credit-Reliant Household,45,3880.0,-0.008,0.33,5.4,33.99,36,260.0,0.803,48,4000.0
Young Digital Spender,20,3650.0,0.027,0.524,26.4,24.41,36,80.0,0.228,55,3990.0
Budget-Conscious Saver,40,4840.0,0.323,0.142,8.1,68.64,31,2440.0,0.038,14,3290.0
Steady Middle,40,5220.0,0.143,0.333,7.0,86.16,32,10260.0,0.298,59,4380.0
Budget-Conscious Saver,39,4340.0,0.348,0.145,4.3,41.7,26,3910.0,0.062,44,2680.0
Steady Middle,45,5230.0,0.137,0.458,11.0,33.62,43,5980.0,0.185,59,4980.0
Young Digital Spender,21,3910.0,0.08,0.494,15.2,27.67,64,350.0,0.531,18,4000.0
Steady Middle,38,7960.0,0.106,0.394,5.9,47.1,26,7490.0,0.388,49,7570.0
Credit-Reliant Household,48,4040.0,0.063,0.386,13.3,49.87,32,130.0,1.0,35,4220.0
Budget-Conscious Saver,31,3860.0,0.22,0.167,8.3,45.93,33,1540.0,0.279,38,3250.0
Young Digital Spender,27,2850.0,0.028,0.624,25.6,32.95,55,520.0,0.364,24,2580.0
Credit-Reliant Household,54,3210.0,0.015,0.383,10.9,41.58,37,40.0,0.86,55,2900.0
Young Digital Spender,25,3630.0,-0.02,0.492,17.7,45.13,40,10.0,0.201,38,3770.0
High-Income Investor,56,15130.0,0.332,0.418,8.3,105.09,15,19000.0,0.07,43,10820.0
Budget-Conscious Saver,38,4820.0,0.213,0.219,10.3,27.44,17,6310.0,0.151,6,3990.0
Steady Middle,35,5460.0,0.125,0.318,3.8,46.55,39,12580.0,0.329,24,5000.0
Steady Middle,45,6900.0,0.122,0.39,10.5,62.22,28,6090.0,0.195,56,6280.0
Steady Middle,49,6840.0,0.148,0.219,7.9,68.26,18,3700.0,0.184,4,5070.0
Steady Middle,26,5500.0,0.175,0.284,10.0,56.4,39,6510.0,0.157,24,4220.0
High-Income Investor,49,12460.0,0.216,0.432,4.6,91.77,20,101540.0,0.046,37,11060.0
Credit-Reliant Household,33,3630.0,-0.021,0.383,8.1,42.02,30,120.0,0.874,41,4100.0
Credit-Reliant Household,45,3780.0,-0.036,0.428,9.9,39.37,44,180.0,0.523,47,4210.0
Steady Middle,44,7170.0,0.183,0.409,6.2,45.16,34,3040.0,0.35,20,6110.0
High-Income Investor,51,14070.0,0.268,0.315,4.7,110.55,23,60440.0,0.06,21,9450.0
Young Digital Spender,21,4260.0,0.111,0.702,23.7,53.97,43,100.0,0.401,24,4000.0
Steady Middle,27,7940.0,0.13,0.295,9.1,49.69,26,8530.0,0.338,20,6160.0
Budget-Conscious Saver,41,4680.0,0.144,0.26,7.7,45.18,38,4840.0,0.146,36,3980.0
Budget-Conscious Saver,28,3170.0,0.349,0.263,6.9,44.05,22,3760.0,0.166,16,2150.0
Steady Middle,30,4490.0,0.089,0.325,11.9,88.72,26,11100.0,0.361,33,4700.0
Budget-Conscious Saver,41,6080.0,0.331,0.212,5.6,50.17,24,2830.0,0.23,6,3860.0
Young Digital Spender,22,4420.0,0.089,0.447,27.2,56.05,50,80.0,0.49,22,3870.0
Steady Middle,46,6000.0,0.1,0.465,11.1,74.13,35,10020.0,0.309,36,5820.0
Steady Middle,28,5960.0,0.217,0.359,5.5,56.7,24,7130.0,0.298,58,4710.0
Steady Middle,43,6770.0,0.139,0.366,11.2,47.55,43,6020.0,0.373,43,6040.0
Young Digital Spender,20,3630.0,0.054,0.558,15.1,14.02,53,140.0,0.487,6,3120.0
Credit-Reliant Household,41,3590.0,0.006,0.478,12.3,44.24,18,50.0,0.918,27,3230.0
Credit-Reliant Household,36,4640.0,-0.035,0.38,7.2,33.63,26,180.0,0.946,41,5320.0
Credit-Reliant Household,54,3130.0,-0.058,0.487,12.7,37.44,36,270.0,0.796,36,3540.0
Steady Middle,35,4990.0,0.157,0.425,7.9,49.71,23,2500.0,0.402,57,4540.0
Steady Middle,33,4550.0,0.075,0.323,10.5,40.91,28,5000.0,0.285,11,4320.0
Steady Middle,45,7800.0,0.136,0.29,8.2,73.86,27,2340.0,0.11,36,6830.0
High-Income Investor,50,9080.0,0.315,0.247,7.2,160.43,13,87910.0,0.031,55,5670.0
High-Income Investor,44,12630.0,0.236,0.289,2.7,169.2,15,46870.0,0.106,19,10800.0
Steady Middle,37,4020.0,0.05,0.444,9.4,30.39,34,10480.0,0.274,57,3630.0
Budget-Conscious Saver,32,3900.0,0.247,0.295,7.5,70.24,46,2110.0,0.254,1,2520.0
Credit-Reliant Household,38,3720.0,-0.002,0.381,3.3,32.54,34,190.0,0.552,39,3580.0
Steady Middle,47,5500.0,0.143,0.359,7.9,56.01,29,1610.0,0.238,25,4400.0
High-Income Investor,35,8120.0,0.272,0.285,7.2,221.24,22,39150.0,0.062,44,5600.0
Credit-Reliant Household,46,3830.0,0.054,0.443,12.2,54.6,24,180.0,0.677,5,3900.0
Budget-Conscious Saver,38,3490.0,0.329,0.218,5.8,51.96,16,2850.0,0.139,43,2250.0
High-Income Investor,54,15880.0,0.289,0.388,7.9,73.63,27,114600.0,0.039,20,11610.0
Steady Middle,46,4050.0,0.193,0.391,11.2,60.66,27,1580.0,0.343,18,3300.0
Young Digital Spender,21,3920.0,0.076,0.44,15.1,6.37,58,200.0,0.323,10,3570.0
Steady Middle,48,4720.0,0.129,0.39,7.4,74.49,24,5660.0,0.318,17,4610.0
High-Income Investor,57,14840.0,0.302,0.321,4.7,204.77,26,81310.0,0.044,57,9840.0
Young Digital Spender,20,2830.0,0.025,0.677,30.4,15.49,62,210.0,0.477,37,2790.0
Young Digital Spender,22,2780.0,0.031,0.607,27.1,48.79,49,130.0,0.464,34,2690.0
Steady Middle,45,7010.0,0.157,0.216,12.4,76.45,25,5590.0,0.193,47,5420.0
Steady Middle,33,5420.0,0.162,0.321,8.8,35.96,20,1790.0,0.265,32,4540.0
Credit-Reliant Household,29,2580.0,-0.007,0.343,12.3,17.99,36,380.0,0.825,3,2260.0
Steady Middle,43,4380.0,0.114,0.393,7.7,40.8,44,10940.0,0.349,4,3330.0
Steady Middle,44,4500.0,0.159,0.269,8.5,30.38,35,8040.0,0.215,50,3520.0
Credit-Reliant Household,40,4370.0,0.033,0.324,6.6,27.11,17,110.0,0.565,18,4060.0
Young Digital Spender,25,3600.0,0.034,0.545,20.5,31.57,35,820.0,0.59,13,3440.0
Steady Middle,48,5270.0,0.144,0.427,10.3,63.85,35,1960.0,0.327,37,4110.0
Steady Middle,41,5530.0,0.138,0.28,7.6,49.04,31,2100.0,0.278,57,5250.0
Steady Middle,28,5120.0,0.172,0.288,13.7,56.38,31,4770.0,0.273,51,4830.0
Budget-Conscious Saver,34,3310.0,0.331,0.231,2.4,63.58,26,1970.0,0.189,51,2100.0
Credit-Reliant Household,36,4290.0,-0.009,0.372,6.9,25.14,34,0.0,0.588,22,3970.0
High-Income Investor,56,10150.0,0.253,0.271,6.7,157.22,25,23720.0,0.11,25,7560.0
High-Income Investor,57,11330.0,0.358,0.39,4.2,168.95,23,14780.0,0.066,41,7160.0
Budget-Conscious Saver,34,5820.0,0.21,0.332,9.9,27.32,15,1130.0,0.136,7,4280.0
High-Income Investor,53,14960.0,0.306,0.368,1.9,123.98,6,57610.0,0.106,27,10380.0
Steady Middle,49,6720.0,0.101,0.402,8.0,52.64,32,6110.0,0.256,5,5600.0
Steady Middle,49,5470.0,0.11,0.361,9.9,82.96,22,2450.0,0.342,45,4760.0
High-Income Investor,56,17840.0,0.302,0.308,3.8,189.22,23,38140.0,0.0,53,11520.0
Credit-Reliant Household,32,2510.0,-0.056,0.34,10.5,10.6,20,60.0,0.973,45,2410.0
High-Income Investor,52,9080.0,0.298,0.355,3.3,94.37,13,78130.0,0.025,26,6630.0
Credit-Reliant Household,40,4030.0,-0.035,0.348,11.6,39.2,44,160.0,0.766,19,4090.0
Budget-Conscious Saver,28,3420.0,0.317,0.192,7.1,48.16,26,1160.0,0.088,27,2120.0
Budget-Conscious Saver,35,3780.0,0.245,0.299,8.6,46.82,24,1710.0,0.069,2,2460.0
Credit-Reliant Household,52,4270.0,0.049,0.556,11.3,33.0,31,10.0,0.986,6,4620.0
High-Income Investor,51,10710.0,0.268,0.318,4.0,136.28,23,50030.0,0.105,10,7420.0
Young Digital Spender,27,2450.0,0.082,0.587,26.2,42.44,55,160.0,0.262,8,2150.0
Steady Middle,38,5610.0,0.142,0.326,4.9,62.92,28,5950.0,0.154,19,5430.0
Budget-Conscious Saver,26,3790.0,0.314,0.226,7.6,46.95,37,1340.0,0.004,41,2930.0
Steady Middle,48,4110.0,0.175,0.36,4.6,86.78,45,7690.0,0.383,10,3320.0
Young Digital Spender,27,4500.0,0.037,0.434,16.9,15.42,45,240.0,0.412,25,4200.0
Young Digital Spender,26,4090.0,0.055,0.482,16.5,24.24,57,100.0,0.395,45,4300.0
Steady Middle,40,7110.0,0.199,0.291,10.0,62.64,48,8770.0,0.206,58,5130.0
Credit-Reliant Household,51,4330.0,-0.029,0.514,4.5,44.45,37,60.0,0.913,58,4590.0
Credit-Reliant Household,32,3260.0,-0.011,0.444,5.9,32.65,39,170.0,0.727,39,3410.0
Young Digital Spender,23,2470.0,0.036,0.618,31.6,15.63,66,230.0,0.277,50,2310.0
Budget-Conscious Saver,29,4590.0,0.34,0.411,4.3,49.46,22,3600.0,0.17,51,3320.0
Budget-Conscious Saver,37,4850.0,0.387,0.293,3.8,50.56,25,1500.0,0.202,34,3090.0
Credit-Reliant Household,42,3670.0,0.01,0.361,9.9,15.85,37,330.0,0.685,2,4150.0
Young Digital Spender,26,3420.0,0.067,0.537,15.7,30.94,67,0.0,0.358,37,3230.0
High-Income Investor,47,16960.0,0.352,0.444,4.1,124.51,21,104290.0,0.085,16,12510.0
Steady Middle,34,4140.0,0.146,0.329,6.2,41.72,26,8130.0,0.266,18,3150.0
Young Digital Spender,25,4390.0,-0.037,0.581,29.2,37.32,57,330.0,0.387,55,4690.0
Budget-Conscious Saver,25,3810.0,0.316,0.23,6.9,65.53,38,580.0,0.108,49,2380.0
Young Digital Spender,23,2470.0,0.03,0.581,20.9,19.04,59,40.0,0.314,41,2440.0
High-Income Investor,52,16240.0,0.323,0.273,7.5,68.02,33,28870.0,0.123,40,11250.0
Young Digital Spender,22,3570.0,0.091,0.684,28.4,11.51,43,630.0,0.336,45,3300.0
Steady Middle,44,5250.0,0.131,0.293,9.7,55.84,18,14730.0,0.406,39,4370.0
Young Digital Spender,27,4450.0,0.058,0.569,16.6,43.59,56,380.0,0.506,13,4390.0
Budget-Conscious Saver,28,3530.0,0.315,0.218,9.0,23.51,19,1070.0,0.209,40,2740.0
Credit-Reliant Household,32,4530.0,0.038,0.451,7.9,22.69,34,320.0,0.726,58,4960.0
Steady Middle,33,6880.0,0.095,0.356,6.7,45.88,33,7010.0,0.227,56,6700.0
Steady Middle,49,5280.0,0.106,0.399,3.3,46.91,27,2280.0,0.325,28,5030.0
Young Digital Spender,22,3590.0,0.069,0.472,29.0,63.38,32,720.0,0.238,50,3540.0
Credit-Reliant Household,35,3670.0,0.014,0.267,11.1,25.46,30,260.0,0.844,53,3870.0
Steady Middle,42,5120.0,0.091,0.369,11.2,66.35,32,1930.0,0.243,2,4060.0
Credit-Reliant Household,51,4050.0,-0.014,0.33,9.0,22.33,38,300.0,0.673,57,4350.0
Steady Middle,46,6070.0,0.184,0.279,6.3,63.58,43,10540.0,0.309,42,5070.0
Credit-Reliant Household,53,3050.0,-0.019,0.392,12.3,29.91,37,150.0,0.811,39,2810.0
Steady Middle,37,4530.0,0.048,0.362,8.8,24.22,20,10230.0,0.13,52,3890.0
Steady Middle,40,5410.0,0.172,0.366,9.1,61.76,17,11410.0,0.209,10,4830.0
Credit-Reliant Household,36,4320.0,-0.014,0.424,6.0,46.59,40,20.0,0.726,1,4020.0
Steady Middle,47,6480.0,0.157,0.369,9.2,31.32,23,7900.0,0.395,24,4830.0
Credit-Reliant Household,43,4990.0,0.047,0.551,13.9,63.14,31,100.0,0.992,48,4860.0
Young Digital Spender,23,3190.0,0.065,0.552,28.0,33.71,62,60.0,0.444,5,2640.0
Budget-Conscious Saver,33,4500.0,0.192,0.233,9.4,49.57,33,3800.0,0.139,5,3310.0
Credit-Reliant Household,44,2700.0,0.024,0.432,11.9,24.45,25,40.0,0.576,47,2830.0
Steady Middle,37,4650.0,0.071,0.352,9.2,57.28,30,9310.0,0.209,46,4440.0
Steady Middle,35,7300.0,0.169,0.346,7.7,42.16,38,8030.0,0.311,6,5790.0
Credit-Reliant Household,47,2940.0,-0.028,0.404,6.4,55.8,31,220.0,0.599,33,2790.0
Budget-Conscious Saver,39,3730.0,0.28,0.313,5.6,57.47,22,3240.0,0.081,33,2710.0
Credit-Reliant Household,48,4010.0,0.007,0.507,5.1,30.59,36,60.0,0.84,3,3630.0
Young Digital Spender,24,2520.0,0.085,0.52,29.9,44.46,69,240.0,0.45,49,2040.0
High-Income Investor,54,15640.0,0.359,0.327,1.6,143.16,14,74250.0,0.054,2,8830.0
High-Income Investor,53,10620.0,0.318,0.387,3.9,81.01,11,40850.0,0.074,33,6300.0
Budget-Conscious Saver,32,5110.0,0.27,0.163,10.3,51.4,25,1720.0,0.054,13,3200.0
Young Digital Spender,22,2530.0,0.104,0.47,14.5,63.06,55,90.0,0.583,40,2490.0
High-Income Investor,57,9370.0,0.261,0.258,5.8,167.04,24,106980.0,0.067,10,6270.0
High-Income Investor,44,15970.0,0.289,0.348,3.5,178.39,19,138680.0,0.081,33,9870.0
Steady Middle,30,4100.0,0.06,0.313,11.9,78.61,25,7640.0,0.329,31,4280.0
Steady Middle,27,7240.0,0.117,0.385,11.9,30.32,32,8140.0,0.319,27,5870.0
Credit-Reliant Household,30,4940.0,0.008,0.29,8.8,62.93,38,240.0,0.588,31,4490.0
Budget-Conscious Saver,34,5610.0,0.242,0.275,6.5,46.8,29,3230.0,0.09,29,4370.0
High-Income Investor,55,15920.0,0.219,0.333,4.9,66.33,15,24770.0,0.052,25,11240.0
High-Income Investor,53,15060.0,0.377,0.29,4.5,203.51,26,34260.0,0.037,46,9800.0
Budget-Conscious Saver,40,4580.0,0.318,0.298,7.6,21.85,31,3920.0,0.297,24,2760.0
Budget-Conscious Saver,30,5800.0,0.181,0.118,4.0,58.72,19,1530.0,0.192,37,4120.0
Budget-Conscious Saver,37,3280.0,0.23,0.208,6.6,32.78,28,3280.0,0.19,19,2170.0
Budget-Conscious Saver,27,5060.0,0.2,0.344,13.0,49.56,19,4420.0,0.103,29,3810.0
Young Digital Spender,23,4270.0,0.059,0.619,19.2,46.87,65,460.0,0.5,49,4130.0
Young Digital Spender,27,2740.0,0.073,0.571,20.7,47.46,57,220.0,0.323,37,2530.0
Credit-Reliant Household,48,4080.0,-0.088,0.4,12.0,41.96,38,10.0,0.83,59,4440.0
High-Income Investor,57,8520.0,0.323,0.262,4.4,90.86,16,42260.0,0.122,40,5890.0
Young Digital Spender,21,4480.0,0.038,0.707,13.6,24.71,54,190.0,0.253,24,4230.0
Budget-Conscious Saver,30,6100.0,0.237,0.16,9.7,52.57,29,4800.0,0.212,18,5120.0
Budget-Conscious Saver,40,4900.0,0.347,0.189,10.9,72.37,17,2020.0,0.166,58,2950.0
Steady Middle,27,4890.0,0.115,0.222,10.1,64.66,31,3890.0,0.298,40,4940.0
High-Income Investor,47,13270.0,0.363,0.431,2.6,133.71,21,99030.0,0.067,43,7610.0
Credit-Reliant Household,29,2970.0,-0.021,0.458,7.2,22.76,43,100.0,0.758,47,3140.0
Credit-Reliant Household,54,2540.0,-0.005,0.548,9.6,49.75,32,240.0,0.799,1,2750.0
Credit-Reliant Household,46,2840.0,0.009,0.342,5.1,40.35,17,100.0,0.821,2,2410.0
Steady Middle,43,6440.0,0.086,0.426,10.0,40.58,33,3770.0,0.195,18,5760.0
Young Digital Spender,21,3060.0,0.02,0.512,21.1,5.0,72,30.0,0.423,45,3420.0
Steady Middle,48,5020.0,0.198,0.319,9.1,47.56,34,7320.0,0.246,31,4240.0
Credit-Reliant Household,51,2980.0,0.03,0.323,13.8,42.87,34,400.0,0.728,52,2500.0
Young Digital Spender,25,3760.0,0.05,0.656,18.3,45.81,64,310.0,0.316,34,3380.0
Steady Middle,36,5230.0,0.071,0.427,10.0,78.49,22,9260.0,0.223,40,4400.0
High-Income Investor,36,11940.0,0.178,0.426,3.2,173.65,9,30850.0,0.053,7,9900.0
Young Digital Spender,21,2980.0,0.02,0.574,27.2,26.18,50,200.0,0.408,26,2560.0
High-Income Investor,45,17590.0,0.349,0.409,10.4,147.99,6,52110.0,0.135,51,12460.0
Steady Middle,39,7930.0,0.139,0.447,9.4,87.43,41,10460.0,0.165,9,6720.0
Young Digital Spender,20,3350.0,0.06,0.625,23.5,31.24,69,330.0,0.475,37,2680.0
Steady Middle,26,6160.0,0.146,0.414,6.2,80.98,36,4820.0,0.226,20,5880.0
Steady Middle,36,7530.0,0.118,0.397,5.8,84.81,23,2850.0,0.184,22,7010.0
Credit-Reliant Household,32,4330.0,0.022,0.486,11.4,39.88,22,70.0,0.848,48,4700.0
Credit-Reliant Household,45,2570.0,-0.041,0.382,10.3,23.79,47,20.0,0.746,37,2930.0
Credit-Reliant Household,32,3660.0,-0.049,0.478,9.9,21.82,28,420.0,0.569,35,3700.0
Young Digital Spender,20,2760.0,0.036,0.516,24.0,42.12,30,130.0,0.508,38,2390.0
Budget-Conscious Saver,28,4250.0,0.302,0.124,7.2,48.62,22,5120.0,0.27,7,2930.0
Steady Middle,36,5570.0,0.149,0.344,6.3,40.05,27,10070.0,0.308,39,4680.0
Credit-Reliant Household,40,4630.0,0.062,0.281,17.0,24.03,12,110.0,0.9,41,4330.0
Steady Middle,37,7940.0,0.166,0.343,6.2,52.48,34,7450.0,0.207,11,6340.0
High-Income Investor,41,8560.0,0.382,0.318,3.1,122.89,32,130290.0,0.04,9,5860.0
High-Income Investor,45,14830.0,0.255,0.302,5.7,89.88,16,90970.0,0.11,31,11720.0
Budget-Conscious Saver,40,5150.0,0.299,0.201,11.1,28.07,21,510.0,0.097,30,3320.0
Budget-Conscious Saver,41,3060.0,0.303,0.289,7.4,81.94,17,2750.0,0.175,9,2020.0
Young Digital Spender,26,4160.0,0.064,0.518,29.0,39.02,62,190.0,0.446,16,3610.0
Credit-Reliant Household,34,4460.0,-0.071,0.448,7.9,21.73,36,120.0,0.681,37,4820.0
High-Income Investor,56,8880.0,0.383,0.497,6.9,55.37,13,102490.0,0.101,49,5210.0
High-Income Investor,51,17080.0,0.307,0.308,8.5,127.17,21,40020.0,0.101,30,10680.0
Young Digital Spender,22,2410.0,0.104,0.478,12.3,49.38,38,530.0,0.543,37,1900.0
Young Digital Spender,22,3260.0,-0.043,0.533,16.5,36.65,40,280.0,0.439,6,3230.0
Credit-Reliant Household,32,3440.0,0.004,0.448,15.0,26.1,29,130.0,0.816,44,3880.0
Young Digital Spender,24,2750.0,-0.029,0.575,21.7,21.82,58,240.0,0.565,58,2820.0
Budget-Conscious Saver,37,6490.0,0.253,0.16,7.3,58.11,18,1640.0,0.145,26,4320.0
Steady Middle,27,5330.0,0.054,0.325,4.5,62.5,37,4470.0,0.398,49,5680.0
High-Income Investor,53,12170.0,0.256,0.399,6.6,93.22,21,151310.0,0.088,19,9440.0
Steady Middle,39,6310.0,0.077,0.378,7.8,80.93,20,12770.0,0.287,13,5870.0
Young Digital Spender,23,3280.0,0.045,0.511,11.2,35.7,41,120.0,0.31,6,2740.0
Young Digital Spender,23,3040.0,0.093,0.684,19.4,44.45,63,360.0,0.467,29,2870.0
Budget-Conscious Saver,38,4410.0,0.182,0.059,8.8,31.17,39,1280.0,0.168,52,3750.0
Steady Middle,47,4520.0,0.113,0.333,5.3,39.71,30,14350.0,0.214,59,4590.0
Credit-Reliant Household,33,2580.0,0.1,0.456,9.2,14.15,33,50.0,0.657,43,2020.0
Young Digital Spender,20,3360.0,0.04,0.623,19.6,47.14,50,110.0,0.422,18,2990.0
Steady Middle,35,4720.0,0.116,0.309,11.9,81.67,23,14230.0,0.325,48,4180.0
Young Digital Spender,21,4020.0,-0.007,0.672,21.1,32.95,62,520.0,0.223,7,3800.0
Young Digital Spender,27,4410.0,0.001,0.516,15.2,29.27,46,20.0,0.488,32,4040.0
Young Digital Spender,21,2810.0,0.01,0.52,27.4,41.69,31,80.0,0.317,47,3090.0
High-Income Investor,46,16970.0,0.381,0.413,8.5,217.68,31,57110.0,0.191,19,11030.0
Credit-Reliant Household,44,4580.0,-0.011,0.491,4.8,52.75,40,60.0,0.553,29,5100.0
High-Income Investor,47,15310.0,0.264,0.36,4.5,210.33,5,71020.0,0.028,23,12710.0
Budget-Conscious Saver,32,3480.0,0.269,0.21,2.4,49.12,28,2010.0,0.065,58,2290.0
Steady Middle,33,7050.0,0.149,0.363,6.7,66.25,38,4320.0,0.324,35,6510.0
Budget-Conscious Saver,27,6050.0,0.126,0.211,8.5,70.66,15,1210.0,0.106,26,5160.0
Young Digital Spender,22,4240.0,0.082,0.597,26.5,29.94,52,370.0,0.472,15,3990.0
Budget-Conscious Saver,31,3390.0,0.224,0.287,7.3,59.08,21,2350.0,0.141,19,2540.0
Young Digital Spender,23,2890.0,0.039,0.612,17.8,33.59,56,210.0,0.481,13,2740.0
Credit-Reliant Household,45,4220.0,0.006,0.245,11.0,44.39,24,290.0,0.961,50,4060.0
Steady Middle,39,7180.0,0.167,0.315,6.0,32.85,35,7810.0,0.298,48,5710.0
High-Income Investor,48,13410.0,0.29,0.347,6.6,145.09,8,76950.0,0.159,18,8390.0
Credit-Reliant Household,50,4260.0,-0.015,0.353,11.5,52.1,33,100.0,0.744,47,3790.0
High-Income Investor,54,12360.0,0.316,0.312,5.3,133.67,16,70800.0,0.051,16,9510.0
Young Digital Spender,24,2360.0,0.071,0.568,29.6,55.96,68,280.0,0.528,49,2460.0
Budget-Conscious Saver,38,4750.0,0.23,0.165,6.5,43.81,19,3460.0,0.207,59,4130.0
Credit-Reliant Household,37,3240.0,0.006,0.509,12.6,46.79,27,290.0,0.827,58,3690.0
Budget-Conscious Saver,25,5310.0,0.237,0.315,4.9,52.23,20,3530.0,0.0,5,4250.0
Budget-Conscious Saver,32,6210.0,0.182,0.262,9.5,58.43,23,800.0,0.15,42,5820.0
High-Income Investor,40,8910.0,0.204,0.415,7.8,189.58,20,48180.0,0.131,57,8050.0
Budget-Conscious Saver,29,5470.0,0.336,0.244,3.8,49.66,30,3000.0,0.091,21,4110.0
Budget-Conscious Saver,41,6470.0,0.279,0.123,8.7,75.67,30,2120.0,0.165,49,5340.0
Steady Middle,28,6970.0,0.078,0.338,8.1,32.29,33,6850.0,0.304,11,7320.0
High-Income Investor,46,11040.0,0.283,0.45,7.0,95.62,22,27960.0,0.102,52,8880.0
Credit-Reliant Household,46,4670.0,0.034,0.335,10.5,29.42,46,50.0,0.646,11,4280.0
Steady Middle,40,6490.0,0.099,0.356,6.7,58.16,17,8840.0,0.222,23,5220.0
Young Digital Spender,27,3640.0,0.035,0.76,19.8,34.46,56,440.0,0.386,15,3890.0
Steady Middle,46,5530.0,0.133,0.421,7.9,72.04,28,7440.0,0.285,54,4800.0
Steady Middle,27,7590.0,0.068,0.397,11.1,47.46,22,5450.0,0.348,33,7290.0
High-Income Investor,37,11540.0,0.242,0.294,4.1,207.89,24,58410.0,0.06,15,8250.0
Young Digital Spender,27,4470.0,0.038,0.462,16.1,53.73,38,60.0,0.365,36,4880.0
High-Income Investor,54,15510.0,0.239,0.394,3.6,105.47,21,103530.0,0.0,30,10150.0
Credit-Reliant Household,46,4260.0,0.001,0.437,11.1,51.25,36,280.0,0.801,29,3910.0
Steady Middle,46,4540.0,0.124,0.387,9.7,72.76,24,4530.0,0.268,23,4320.0
Young Digital Spender,26,4380.0,0.086,0.654,29.0,52.44,43,430.0,0.454,26,3660.0
Budget-Conscious Saver,39,4980.0,0.199,0.313,4.0,49.96,32,4000.0,0.144,5,3540.0
Young Digital Spender,27,2720.0,0.025,0.632,28.4,29.83,54,530.0,0.392,41,2990.0
Young Digital Spender,22,3970.0,0.089,0.516,15.4,57.51,42,450.0,0.463,25,4060.0
Steady Middle,44,5600.0,0.129,0.347,8.1,85.69,31,12780.0,0.373,34,4780.0
Steady Middle,31,4690.0,0.19,0.397,7.9,67.29,42,10770.0,0.248,15,3530.0
Young Digital Spender,25,3750.0,0.007,0.527,17.8,30.63,47,200.0,0.323,39,4000.0
Budget-Conscious Saver,30,5050.0,0.304,0.23,5.4,66.87,26,3000.0,0.093,2,3380.0
Young Digital Spender,23,4290.0,0.05,0.644,11.5,42.98,36,20.0,0.39,18,3700.0
Credit-Reliant Household,32,3630.0,-0.054,0.45,14.6,24.53,25,130.0,0.732,52,3350.0
Credit-Reliant Household,39,4780.0,0.013,0.429,8.2,51.75,47,20.0,0.509,32,5380.0
Budget-Conscious Saver,39,4960.0,0.257,0.265,8.1,66.87,31,1900.0,0.226,49,3320.0
Budget-Conscious Saver,38,4870.0,0.225,0.176,3.7,44.64,30,1540.0,0.146,40,3840.0
Steady Middle,33,5160.0,0.167,0.394,7.5,89.21,23,2800.0,0.277,59,4210.0
Budget-Conscious Saver,40,4090.0,0.194,0.283,6.1,72.07,24,1890.0,0.181,40,3750.0
Steady Middle,26,7440.0,0.126,0.302,8.9,78.77,37,1990.0,0.288,2,7100.0
Steady Middle,49,7880.0,0.159,0.377,14.4,72.25,33,10690.0,0.299,43,7100.0
Budget-Conscious Saver,36,6130.0,0.259,0.179,4.9,82.51,23,3340.0,0.122,12,4110.0
Credit-Reliant Household,49,3220.0,0.023,0.493,5.4,18.9,30,40.0,0.835,25,3000.0
Credit-Reliant Household,44,2770.0,0.015,0.388,4.8,24.85,35,280.0,0.758,18,3030.0
Budget-Conscious Saver,29,4320.0,0.269,0.384,5.4,63.03,14,5060.0,0.107,40,3530.0
Steady Middle,27,6700.0,0.096,0.37,8.2,54.25,29,1740.0,0.342,52,6020.0
Credit-Reliant Household,32,3590.0,0.076,0.364,4.0,47.27,44,150.0,0.649,47,3310.0
Steady Middle,38,4340.0,0.105,0.349,7.4,64.15,27,2390.0,0.19,9,3660.0
High-Income Investor,48,8600.0,0.194,0.447,4.7,67.06,19,58470.0,0.139,47,6240.0
Credit-Reliant Household,48,2660.0,0.002,0.333,8.6,41.92,24,150.0,0.888,33,2960.0
Steady Middle,42,7120.0,0.115,0.314,7.4,47.22,29,2070.0,0.286,3,5450.0
Budget-Conscious Saver,37,4120.0,0.326,0.115,9.2,55.92,26,2630.0,0.083,46,2860.0
Steady Middle,49,5440.0,0.064,0.275,11.4,36.22,37,6410.0,0.38,3,4970.0
Young Digital Spender,26,3550.0,0.052,0.458,25.9,32.11,62,180.0,0.422,9,3330.0
High-Income Investor,35,16500.0,0.243,0.281,7.4,168.91,21,42800.0,0.21,21,12900.0
Steady Middle,31,5090.0,0.154,0.378,6.8,67.12,29,11380.0,0.356,38,4580.0
Budget-Conscious Saver,32,6200.0,0.293,0.254,1.8,54.98,28,980.0,0.235,55,3730.0
Budget-Conscious Saver,31,6400.0,0.176,0.275,5.8,57.39,20,2390.0,0.093,55,5030.0
Young Digital Spender,21,3180.0,0.051,0.564,23.1,26.41,62,700.0,0.302,47,3260.0
Budget-Conscious Saver,29,4410.0,0.224,0.211,9.7,56.7,15,990.0,0.127,53,3820.0
High-Income Investor,36,14650.0,0.245,0.284,5.5,158.15,17,31370.0,0.127,44,10590.0
High-Income Investor,55,10240.0,0.372,0.381,5.8,145.03,12,81910.0,0.027,14,5790.0
Steady Middle,31,5570.0,0.189,0.257,5.0,74.61,27,1400.0,0.348,47,4520.0
Budget-Conscious Saver,29,4220.0,0.292,0.238,6.9,69.68,17,2030.0,0.199,18,2540.0
High-Income Investor,56,16480.0,0.221,0.349,4.7,117.57,18,157580.0,0.074,18,12700.0
Budget-Conscious Saver,41,4330.0,0.202,0.111,9.4,61.91,28,1220.0,0.213,8,3310.0
Steady Middle,28,6260.0,0.172,0.369,7.4,78.89,27,7970.0,0.268,22,4610.0
Young Digital Spender,24,4040.0,0.076,0.554,26.3,27.34,63,430.0,0.318,2,4110.0
Credit-Reliant Household,36,4210.0,0.031,0.425,7.4,31.47,25,100.0,0.92,19,4670.0
Credit-Reliant Household,38,4410.0,-0.008,0.322,12.7,26.36,28,130.0,0.697,17,5110.0
Steady Middle,42,6050.0,0.101,0.407,11.1,64.62,42,5810.0,0.331,48,5370.0
Credit-Reliant Household,53,4960.0,-0.048,0.515,13.2,28.16,19,130.0,0.783,47,5210.0
Credit-Reliant Household,48,4560.0,-0.007,0.371,6.7,38.21,25,60.0,0.593,6,4560.0
Steady Middle,39,6850.0,0.059,0.362,9.4,77.57,32,840.0,0.158,1,6740.0
Young Digital Spender,26,2580.0,0.081,0.595,29.6,15.46,35,0.0,0.545,51,2120.0
Budget-Conscious Saver,31,4600.0,0.129,0.193,6.1,80.02,30,380.0,0.118,46,4210.0
Young Digital Spender,27,3100.0,0.053,0.622,13.5,24.51,50,160.0,0.526,7,3150.0
Budget-Conscious Saver,40,5720.0,0.182,0.188,9.9,50.69,24,2220.0,0.166,3,4190.0
Budget-Conscious Saver,27,3370.0,0.189,0.302,4.7,40.01,13,2080.0,0.227,37,2960.0
Credit-Reliant Household,28,4410.0,-0.028,0.441,6.7,46.85,38,240.0,0.913,49,4610.0
Steady Middle,47,6730.0,0.138,0.336,8.0,69.71,29,5560.0,0.119,9,5800.0
Steady Middle,33,5870.0,0.097,0.325,3.4,41.06,23,7020.0,0.245,6,5830.0
Credit-Reliant Household,42,3210.0,0.019,0.404,9.4,40.49,40,220.0,0.618,6,2730.0
Credit-Reliant Household,50,3590.0,0.044,0.466,8.1,32.91,46,40.0,0.845,23,3300.0
Steady Middle,34,7300.0,0.195,0.339,6.3,47.78,31,4040.0,0.184,51,5810.0
Steady Middle,42,4360.0,0.07,0.303,6.6,48.34,24,7400.0,0.227,3,3840.0
Steady Middle,39,7310.0,0.181,0.312,12.4,34.91,22,7460.0,0.276,7,6500.0
High-Income Investor,40,12740.0,0.297,0.34,5.3,94.5,8,62270.0,0.155,51,7930.0
Young Digital Spender,21,3060.0,0.039,0.599,18.6,17.9,44,20.0,0.499,9,2990.0
Steady Middle,42,4330.0,0.153,0.325,6.5,62.18,36,3920.0,0.271,9,4180.0
Steady Middle,42,4150.0,0.017,0.288,10.0,56.56,31,5850.0,0.425,6,3470.0
Budget-Conscious Saver,30,5440.0,0.216,0.181,6.4,58.92,25,1510.0,0.105,57,4380.0
Budget-Conscious Saver,30,6000.0,0.278,0.283,10.3,33.08,25,5410.0,0.259,35,4300.0
Steady Middle,35,6950.0,0.067,0.359,6.3,68.89,26,2740.0,0.185,24,6140.0
Steady Middle,49,4750.0,0.123,0.381,10.9,36.9,35,3060.0,0.25,17,4480.0
Steady Middle,36,7880.0,0.15,0.379,8.9,49.88,41,2900.0,0.163,45,6950.0
High-Income Investor,35,8440.0,0.345,0.367,6.2,210.4,20,81240.0,0.0,51,5390.0
High-Income Investor,36,14060.0,0.279,0.335,0.0,87.55,20,49070.0,0.013,41,9510.0
Credit-Reliant Household,46,2670.0,0.011,0.362,11.2,54.57,17,80.0,0.498,45,2460.0
Budget-Conscious Saver,35,4070.0,0.291,0.252,8.1,34.31,19,6440.0,0.111,42,2450.0
Young Digital Spender,27,3620.0,0.08,0.619,12.1,19.4,56,20.0,0.405,7,3510.0
Steady Middle,45,7940.0,0.108,0.319,2.3,62.42,14,14000.0,0.219,58,6920.0
High-Income Investor,52,8020.0,0.399,0.395,1.9,111.42,22,130850.0,0.113,6,5320.0
Credit-Reliant Household,43,3890.0,0.006,0.519,8.1,47.42,39,30.0,0.7,20,3520.0
Steady Middle,29,5040.0,0.155,0.338,4.2,86.68,32,3700.0,0.196,58,4830.0
Credit-Reliant Household,38,2620.0,-0.017,0.45,7.5,30.47,26,150.0,0.744,49,3020.0
Young Digital Spender,23,4230.0,0.07,0.596,22.2,22.05,71,420.0,0.457,8,4520.0
Credit-Reliant Household,36,3150.0,-0.063,0.393,6.3,13.51,30,160.0,0.58,11,3610.0
Steady Middle,34,7240.0,0.158,0.257,5.3,58.8,33,10690.0,0.195,56,6870.0
High-Income Investor,46,15220.0,0.24,0.348,2.9,183.88,31,13850.0,0.076,42,12480.0
Budget-Conscious Saver,27,3970.0,0.322,0.132,4.5,42.74,23,2830.0,0.068,17,2460.0
Young Digital Spender,24,3910.0,0.099,0.441,30.6,57.38,55,90.0,0.187,31,3910.0
High-Income Investor,36,16270.0,0.266,0.342,7.1,177.27,20,55830.0,0.15,34,11800.0
High-Income Investor,52,9890.0,0.245,0.276,3.8,85.08,23,114980.0,0.03,33,8140.0
Young Digital Spender,26,3120.0,0.043,0.741,20.4,67.74,61,80.0,0.406,31,2560.0
Credit-Reliant Household,48,4830.0,-0.031,0.381,13.3,36.16,30,50.0,0.69,19,5100.0
Steady Middle,39,5170.0,0.151,0.31,10.9,83.44,35,5340.0,0.246,18,5010.0
Steady Middle,41,6870.0,0.145,0.346,9.7,80.11,22,15460.0,0.354,24,5190.0
Young Digital Spender,21,2790.0,0.038,0.605,12.0,49.61,48,150.0,0.285,42,2680.0
Steady Middle,30,6560.0,0.097,0.386,6.8,59.41,34,2680.0,0.213,32,6120.0
Budget-Conscious Saver,35,5730.0,0.332,0.235,4.3,38.94,27,2530.0,0.112,38,4070.0
Steady Middle,46,5290.0,0.073,0.418,6.3,87.1,34,2400.0,0.205,55,5430.0
Steady Middle,40,6440.0,0.142,0.356,13.4,47.05,33,7140.0,0.387,4,6210.0
Budget-Conscious Saver,32,5030.0,0.312,0.202,7.1,83.32,24,1880.0,0.158,11,3960.0
Credit-Reliant Household,48,3990.0,0.027,0.387,14.3,23.84,35,210.0,0.845,30,3520.0
Credit-Reliant Household,48,2820.0,-0.1,0.406,10.1,35.69,30,220.0,0.878,48,3020.0
Steady Middle,29,7010.0,0.121,0.277,6.1,70.89,34,7320.0,0.156,29,6880.0
High-Income Investor,45,13670.0,0.398,0.448,10.4,168.85,28,36680.0,0.027,22,7030.0
Young Digital Spender,22,2890.0,0.02,0.528,31.4,52.75,65,270.0,0.288,10,2970.0
Steady Middle,40,5080.0,0.056,0.397,5.4,62.31,23,1960.0,0.26,31,5410.0
High-Income Investor,39,10460.0,0.342,0.401,5.7,169.08,27,42390.0,0.096,29,6040.0
High-Income Investor,51,11950.0,0.308,0.406,5.4,127.28,22,117130.0,0.176,28,9410.0
Steady Middle,34,5020.0,0.155,0.366,11.3,37.96,19,7080.0,0.223,10,4790.0
Steady Middle,28,7560.0,0.061,0.38,6.4,81.15,26,14280.0,0.309,45,6400.0
Young Digital Spender,21,3520.0,0.07,0.394,20.8,32.96,58,480.0,0.439,54,2980.0
Budget-Conscious Saver,34,5760.0,0.353,0.216,3.8,38.83,30,2860.0,0.062,22,4250.0
Steady Middle,30,7240.0,0.074,0.367,3.8,81.78,21,3230.0,0.226,51,7160.0
Young Digital Spender,22,2400.0,0.0,0.573,19.3,27.05,44,420.0,0.218,49,2570.0
Young Digital Spender,26,4340.0,0.034,0.442,14.3,35.16,50,110.0,0.433,52,3680.0
Budget-Conscious Saver,35,6130.0,0.202,0.232,8.0,24.05,28,5320.0,0.124,46,4980.0
Budget-Conscious Saver,32,6400.0,0.358,0.179,4.0,67.61,18,1540.0,0.175,38,4290.0
Steady Middle,34,7190.0,0.129,0.295,13.4,74.81,30,2330.0,0.352,28,6910.0
High-Income Investor,46,13410.0,0.343,0.269,7.8,180.27,15,45930.0,0.197,46,7660.0
Budget-Conscious Saver,26,5640.0,0.193,0.324,7.5,58.62,12,1200.0,0.02,10,5160.0
High-Income Investor,53,16220.0,0.247,0.487,7.8,111.56,21,101390.0,0.175,31,10890.0
High-Income Investor,49,12520.0,0.293,0.464,3.7,161.81,24,115560.0,0.096,21,8120.0
Budget-Conscious Saver,27,6230.0,0.345,0.202,6.7,49.96,33,3160.0,0.246,39,3590.0
Budget-Conscious Saver,28,3710.0,0.236,0.249,7.3,61.95,21,2210.0,0.27,21,3030.0
High-Income Investor,56,15390.0,0.303,0.32,5.8,113.87,26,105200.0,0.063,12,9320.0
Budget-Conscious Saver,25,3710.0,0.187,0.173,7.5,73.86,25,1620.0,0.056,49,3350.0
Steady Middle,40,4560.0,0.132,0.37,8.7,91.25,14,2320.0,0.256,1,4370.0
Steady Middle,31,4140.0,0.146,0.397,7.9,32.24,24,11490.0,0.285,10,3820.0
High-Income Investor,39,11260.0,0.24,0.374,3.5,116.54,10,70020.0,0.099,18,7670.0
Young Digital Spender,23,3200.0,0.053,0.563,16.5,65.03,67,530.0,0.465,12,2860.0
Budget-Conscious Saver,38,5160.0,0.313,0.153,6.1,60.42,15,4030.0,0.17,16,3020.0
Young Digital Spender,25,4380.0,0.02,0.503,18.6,28.66,44,60.0,0.29,22,4440.0
Credit-Reliant Household,31,4270.0,-0.036,0.486,7.5,38.9,32,220.0,0.656,32,4770.0
Young Digital Spender,21,3760.0,0.038,0.658,23.7,38.49,66,120.0,0.258,47,3650.0
Credit-Reliant Household,48,4500.0,-0.057,0.32,12.5,30.41,17,280.0,0.934,1,4360.0
High-Income Investor,39,12080.0,0.222,0.283,3.9,68.51,13,64400.0,0.135,35,8800.0
Young Digital Spender,22,4350.0,0.026,0.521,18.8,48.95,42,320.0,0.275,32,3670.0
Budget-Conscious Saver,33,3750.0,0.29,0.166,5.0,49.99,30,2290.0,0.172,5,2610.0
Budget-Conscious Saver,26,5990.0,0.214,0.243,2.6,54.66,28,1410.0,0.229,31,4090.0
Young Digital Spender,21,3360.0,0.021,0.655,16.8,14.23,54,230.0,0.466,12,3560.0
Steady Middle,27,4000.0,0.012,0.331,9.8,63.63,22,1540.0,0.277,43,3370.0
High-Income Investor,44,17460.0,0.38,0.361,7.4,155.19,14,133340.0,0.185,22,10680.0
Steady Middle,26,7030.0,0.126,0.452,9.9,82.66,29,7720.0,0.306,46,6020.0
Budget-Conscious Saver,33,4800.0,0.265,0.177,8.1,49.15,15,4380.0,0.172,24,3970.0
Steady Middle,31,4710.0,0.132,0.429,9.6,30.82,33,10330.0,0.365,39,4370.0
Steady Middle,33,7950.0,0.156,0.493,12.4,77.48,25,10570.0,0.313,37,6120.0
Credit-Reliant Household,28,4160.0,-0.014,0.428,9.5,33.09,24,210.0,0.72,57,4190.0
Steady Middle,45,6030.0,0.031,0.393,8.2,42.55,34,3280.0,0.205,46,6280.0
Budget-Conscious Saver,25,6090.0,0.254,0.287,7.7,54.51,34,5360.0,0.197,54,4600.0
Credit-Reliant Household,30,4800.0,-0.041,0.492,7.0,25.19,25,70.0,0.814,6,5530.0
Young Digital Spender,21,4440.0,0.048,0.694,17.3,11.95,55,560.0,0.402,39,4720.0
Budget-Conscious Saver,34,5630.0,0.328,0.217,9.0,31.93,12,3940.0,0.157,40,3780.0
Steady Middle,32,5600.0,0.173,0.38,4.0,36.86,23,4290.0,0.147,51,4370.0
Young Digital Spender,21,4020.0,0.014,0.628,14.2,51.96,56,20.0,0.516,36,3750.0
Credit-Reliant Household,43,3980.0,-0.018,0.41,10.9,32.19,27,40.0,0.775,41,3720.0
Young Digital Spender,26,2750.0,0.031,0.693,12.5,21.82,51,460.0,0.369,11,2840.0
Young Digital Spender,22,4090.0,0.06,0.54,29.5,45.82,41,230.0,0.335,43,4290.0
Steady Middle,26,6050.0,0.167,0.398,4.6,73.91,21,8030.0,0.231,4,4700.0
Steady Middle,49,7450.0,0.138,0.381,10.8,55.61,33,11960.0,0.206,16,7160.0
Credit-Reliant Household,46,3690.0,-0.039,0.371,12.5,29.56,15,60.0,0.851,53,3570.0
Steady Middle,41,6680.0,0.148,0.427,7.5,33.26,23,8520.0,0.341,1,5210.0
Budget-Conscious Saver,41,3770.0,0.192,0.231,4.5,73.09,18,2520.0,0.082,24,3040.0
Budget-Conscious Saver,28,4130.0,0.19,0.235,10.4,64.6,16,3490.0,0.165,25,3380.0
Credit-Reliant Household,51,3920.0,-0.071,0.495,9.4,52.05,22,10.0,0.558,40,3950.0
Credit-Reliant Household,35,4410.0,-0.061,0.273,5.3,39.21,34,110.0,0.639,57,4860.0
Young Digital Spender,24,3530.0,0.035,0.452,30.9,57.32,61,90.0,0.536,43,3230.0
Steady Middle,30,7440.0,0.144,0.362,6.4,53.53,38,3650.0,0.308,30,5790.0
Credit-Reliant Household,54,3830.0,0.068,0.474,5.6,21.57,47,70.0,0.847,43,3380.0
Steady Middle,29,6960.0,0.147,0.358,10.3,63.95,45,7770.0,0.159,42,6760.0
Young Digital Spender,27,2740.0,0.071,0.47,17.0,54.11,73,120.0,0.315,16,2730.0
Steady Middle,46,6930.0,0.139,0.336,2.2,72.32,19,8270.0,0.371,2,6730.0
Steady Middle,28,5990.0,0.087,0.348,9.1,32.32,23,2350.0,0.199,55,5220.0
Steady Middle,37,5460.0,0.111,0.324,6.6,72.88,19,10230.0,0.271,12,5080.0
Budget-Conscious Saver,34,4290.0,0.295,0.05,8.2,36.62,23,5770.0,0.163,33,3100.0
Young Digital Spender,27,3620.0,0.047,0.674,12.2,49.33,51,250.0,0.484,54,3700.0
Steady Middle,38,7710.0,0.127,0.32,6.2,52.8,35,4060.0,0.373,41,7250.0
Credit-Reliant Household,39,2610.0,0.023,0.459,9.3,26.77,20,230.0,0.657,8,2500.0
Young Digital Spender,22,2270.0,-0.061,0.664,24.8,37.35,39,660.0,0.173,38,2300.0
Steady Middle,46,7910.0,0.157,0.414,10.4,68.37,34,10710.0,0.216,30,7450.0
High-Income Investor,37,16470.0,0.257,0.341,4.2,118.81,21,11190.0,0.102,18,13540.0
Steady Middle,27,4030.0,0.12,0.273,2.0,67.61,41,6890.0,0.187,51,3920.0
Budget-Conscious Saver,37,3660.0,0.339,0.15,7.0,32.37,29,1100.0,0.053,12,2500.0
Young Digital Spender,25,2800.0,0.079,0.498,28.9,5.51,61,540.0,0.393,36,2800.0
Credit-Reliant Household,43,3090.0,-0.003,0.394,14.6,33.92,23,130.0,0.918,45,3280.0
High-Income Investor,35,12290.0,0.341,0.263,6.2,96.34,7,32350.0,0.0,37,8540.0
Young Digital Spender,21,3560.0,0.072,0.656,19.6,65.1,44,340.0,0.392,19,2900.0
Steady Middle,40,4430.0,0.05,0.441,5.1,61.9,37,6650.0,0.314,43,4680.0
Steady Middle,47,4620.0,0.146,0.317,11.2,75.09,31,9280.0,0.305,17,4390.0
Young Digital Spender,27,3510.0,0.079,0.646,21.5,32.01,33,380.0,0.349,44,3520.0
Steady Middle,26,5360.0,0.118,0.31,10.0,16.52,35,7510.0,0.167,27,5030.0
Steady Middle,31,6420.0,0.171,0.351,8.0,86.2,23,1720.0,0.154,16,5750.0
Credit-Reliant Household,41,4170.0,-0.021,0.504,15.9,70.62,35,140.0,0.829,37,4630.0
Young Digital Spender,24,4350.0,0.081,0.566,24.5,41.77,40,280.0,0.566,30,4530.0
High-Income Investor,43,11000.0,0.231,0.437,4.1,158.73,22,120360.0,0.104,57,8140.0
High-Income Investor,38,12830.0,0.3,0.435,4.8,220.9,17,119650.0,0.13,30,9450.0
Young Digital Spender,26,3420.0,0.032,0.494,13.1,27.29,40,830.0,0.182,39,3610.0
High-Income Investor,57,8920.0,0.235,0.428,8.8,123.02,25,83550.0,0.144,44,6840.0
Budget-Conscious Saver,41,6270.0,0.184,0.209,9.7,25.46,33,1140.0,0.054,8,5170.0
Budget-Conscious Saver,28,3010.0,0.314,0.237,5.1,29.63,26,6470.0,0.221,21,2350.0
High-Income Investor,45,11510.0,0.326,0.245,5.0,67.9,19,83610.0,0.197,1,6800.0
Young Digital Spender,22,4350.0,0.043,0.668,14.3,27.56,64,560.0,0.308,14,3870.0
Young Digital Spender,21,3540.0,-0.008,0.558,17.5,39.03,63,480.0,0.412,33,3450.0
Credit-Reliant Household,35,4670.0,-0.066,0.533,9.2,35.56,36,170.0,0.615,38,4640.0
Budget-Conscious Saver,35,3090.0,0.328,0.21,3.5,26.82,26,1370.0,0.245,6,1810.0
Budget-Conscious Saver,26,3510.0,0.302,0.294,5.2,25.54,25,1310.0,0.099,51,2380.0
Credit-Reliant Household,33,3140.0,0.033,0.37,8.4,40.86,19,30.0,0.679,7,2870.0
High-Income Investor,53,16660.0,0.365,0.338,5.2,146.51,20,115300.0,0.085,4,10090.0
Budget-Conscious Saver,37,5290.0,0.235,0.156,6.2,67.7,14,1740.0,0.248,25,4350.0
Budget-Conscious Saver,34,4940.0,0.288,0.16,3.8,23.57,20,3900.0,0.129,12,3620.0
High-Income Investor,35,14820.0,0.312,0.38,3.1,76.35,20,48520.0,0.058,54,10300.0
Young Digital Spender,20,2280.0,0.023,0.498,15.2,51.04,39,440.0,0.467,59,2000.0
Steady Middle,30,5180.0,0.154,0.345,10.3,44.93,37,2040.0,0.372,13,4060.0
Steady Middle,48,5430.0,0.171,0.364,7.8,25.99,20,6990.0,0.383,33,4160.0
Budget-Conscious Saver,41,4220.0,0.296,0.253,8.9,76.8,22,3070.0,0.125,13,3040.0
Credit-Reliant Household,50,4840.0,0.092,0.305,9.3,34.67,44,70.0,0.866,13,4340.0
Credit-Reliant Household,40,4790.0,-0.035,0.355,6.2,47.99,42,430.0,0.668,44,4820.0
Steady Middle,36,7010.0,0.052,0.44,6.2,31.82,32,3140.0,0.167,40,6080.0
Budget-Conscious Saver,35,4050.0,0.254,0.199,7.7,40.34,33,3620.0,0.257,11,3230.0
Budget-Conscious Saver,35,4080.0,0.331,0.206,6.9,47.55,14,1130.0,0.189,59,2540.0
Credit-Reliant Household,51,3110.0,-0.012,0.366,9.6,47.32,31,0.0,0.878,52,3100.0
Budget-Conscious Saver,36,6410.0,0.277,0.311,11.0,36.75,32,2070.0,0.143,41,5170.0
Steady Middle,37,7310.0,0.223,0.39,7.1,72.51,29,7320.0,0.248,43,5840.0
Young Digital Spender,24,2210.0,0.119,0.716,13.6,52.6,48,590.0,0.313,11,2180.0
Young Digital Spender,21,3210.0,0.041,0.569,17.3,40.6,57,150.0,0.37,5,3220.0
High-Income Investor,56,13440.0,0.354,0.198,4.4,211.82,18,66480.0,0.079,23,7670.0
Credit-Reliant Household,29,2710.0,0.002,0.315,8.6,50.65,28,70.0,0.709,1,2390.0
Credit-Reliant Household,41,3240.0,-0.046,0.382,7.6,46.06,36,310.0,0.837,17,3560.0
Steady Middle,40,7630.0,0.08,0.213,5.3,53.13,30,11440.0,0.253,32,7020.0
High-Income Investor,53,13670.0,0.255,0.363,4.4,72.96,27,60690.0,0.061,35,9130.0
Steady Middle,28,5650.0,0.07,0.42,5.4,37.6,20,5810.0,0.216,53,5450.0
Credit-Reliant Household,50,2620.0,0.038,0.495,7.4,42.17,37,140.0,0.563,41,2740.0
Steady Middle,38,4290.0,0.076,0.408,11.7,47.06,20,6700.0,0.195,52,4380.0
Young Digital Spender,21,4310.0,0.033,0.459,13.0,34.81,40,170.0,0.402,26,4590.0
Young Digital Spender,27,3900.0,0.026,0.524,25.9,47.06,49,370.0,0.412,37,3860.0
Budget-Conscious Saver,37,4020.0,0.201,0.089,4.6,20.39,32,1970.0,0.21,31,3500.0
High-Income Investor,55,9610.0,0.278,0.369,5.6,147.21,22,20490.0,0.019,5,6410.0
Budget-Conscious Saver,37,5890.0,0.346,0.165,6.9,77.95,28,3850.0,0.265,42,3840.0
Steady Middle,46,4400.0,0.045,0.365,10.9,34.19,31,9830.0,0.232,58,4390.0
Budget-Conscious Saver,41,5740.0,0.367,0.202,7.8,46.97,18,5610.0,0.198,58,4170.0
Budget-Conscious Saver,41,5980.0,0.3,0.206,5.8,77.42,29,1570.0,0.236,51,3960.0
Budget-Conscious Saver,41,4180.0,0.338,0.199,5.4,49.37,22,2960.0,0.204,51,2970.0
Budget-Conscious Saver,30,4570.0,0.308,0.177,6.7,27.66,34,1550.0,0.32,6,3400.0
Steady Middle,31,6050.0,0.15,0.349,6.2,57.01,32,2580.0,0.406,42,4890.0
High-Income Investor,38,12460.0,0.234,0.28,5.6,172.98,12,59190.0,0.102,52,10930.0
High-Income Investor,51,14480.0,0.349,0.547,9.5,125.23,24,95590.0,0.076,48,8020.0
Young Digital Spender,23,4280.0,0.052,0.676,15.6,51.29,57,270.0,0.508,49,4200.0
Steady Middle,46,7870.0,0.16,0.343,11.7,80.47,32,9660.0,0.369,37,7010.0
Young Digital Spender,21,2870.0,0.044,0.45,22.2,60.72,64,130.0,0.351,9,3080.0
Young Digital Spender,26,3010.0,0.043,0.639,15.1,36.17,55,600.0,0.361,50,2860.0
Credit-Reliant Household,31,3150.0,0.03,0.383,7.4,36.25,32,220.0,0.735,10,2870.0
Young Digital Spender,22,3410.0,0.1,0.56,27.2,47.51,56,70.0,0.365,18,2900.0
Young Digital Spender,25,3830.0,0.015,0.515,26.3,63.08,64,20.0,0.279,12,4230.0
Steady Middle,29,7200.0,0.117,0.471,4.1,31.86,39,1480.0,0.302,5,6610.0
Budget-Conscious Saver,33,6180.0,0.316,0.244,7.2,74.69,20,2220.0,0.146,4,4090.0
Budget-Conscious Saver,39,6390.0,0.314,0.184,10.7,14.32,18,550.0,0.124,29,3940.0
Budget-Conscious Saver,34,4570.0,0.22,0.308,6.8,50.15,24,3070.0,0.222,11,3860.0
Budget-Conscious Saver,30,4670.0,0.276,0.324,5.1,60.51,25,2900.0,0.174,45,3800.0
Credit-Reliant Household,29,3870.0,0.039,0.444,14.6,39.95,33,140.0,0.598,3,3660.0
High-Income Investor,50,17550.0,0.416,0.412,1.9,152.98,14,75700.0,0.142,43,9370.0
Steady Middle,45,6140.0,0.089,0.371,8.7,53.69,34,8880.0,0.355,3,6420.0
Young Digital Spender,27,2610.0,0.002,0.499,20.6,26.07,60,10.0,0.242,38,2750.0
Young Digital Spender,22,3710.0,0.076,0.646,12.2,32.47,35,50.0,0.504,39,3780.0
Young Digital Spender,25,4360.0,0.057,0.606,24.7,41.96,70,480.0,0.459,48,4020.0
Young Digital Spender,24,2630.0,0.014,0.715,26.0,44.22,80,320.0,0.272,7,2630.0
Steady Middle,32,5010.0,0.135,0.251,8.4,57.87,42,1460.0,0.445,15,4480.0
Young Digital Spender,22,2580.0,0.017,0.641,25.1,51.9,45,170.0,0.484,26,2330.0
Credit-Reliant Household,33,4170.0,-0.016,0.285,5.3,48.6,33,30.0,0.854,10,3680.0
Steady Middle,35,5180.0,0.142,0.371,6.3,46.28,35,7780.0,0.187,24,3940.0
Budget-Conscious Saver,28,4770.0,0.191,0.231,7.1,54.42,27,1700.0,0.065,16,3690.0
Budget-Conscious Saver,39,3190.0,0.243,0.303,7.7,31.14,25,2130.0,0.21,58,2740.0
Credit-Reliant Household,31,3080.0,-0.02,0.422,10.4,59.6,20,120.0,1.0,37,3110.0
Credit-Reliant Household,44,2700.0,0.032,0.372,13.1,39.58,38,320.0,0.827,2,2730.0
Steady Middle,45,5300.0,0.024,0.32,7.2,37.33,36,1360.0,0.3,39,5060.0
Credit-Reliant Household,54,4140.0,0.003,0.509,11.0,24.24,20,90.0,0.795,22,4740.0
Steady Middle,28,7470.0,0.063,0.345,10.5,95.43,24,8830.0,0.345,7,6770.0
Steady Middle,37,7670.0,0.091,0.316,9.6,103.47,30,5820.0,0.307,38,7480.0
Credit-Reliant Household,32,3410.0,-0.079,0.415,4.2,36.79,36,500.0,0.602,15,3360.0
Credit-Reliant Household,41,4970.0,-0.001,0.537,9.1,13.35,30,210.0,0.742,52,5570.0
Credit-Reliant Household,50,4370.0,-0.017,0.495,6.1,13.09,35,60.0,0.713,25,4130.0
Steady Middle,39,7480.0,0.124,0.365,3.7,62.38,31,2650.0,0.312,50,6040.0
Budget-Conscious Saver,25,6010.0,0.19,0.156,3.5,11.23,22,680.0,0.147,17,4290.0
Budget-Conscious Saver,29,3020.0,0.327,0.221,3.1,48.62,17,510.0,0.104,57,2050.0
Steady Middle,32,7930.0,0.167,0.266,6.6,63.05,28,3130.0,0.293,56,6460.0
Young Digital Spender,20,2820.0,0.077,0.527,10.8,35.78,47,290.0,0.398,13,2430.0
Steady Middle,49,7160.0,0.139,0.389,4.5,70.32,30,2900.0,0.269,50,6360.0
Credit-Reliant Household,45,4840.0,0.003,0.437,6.3,50.16,34,10.0,0.582,27,4630.0
Young Digital Spender,23,3150.0,0.075,0.708,17.7,30.88,46,270.0,0.377,4,3310.0
Steady Middle,37,5280.0,0.081,0.269,5.1,42.82,42,10790.0,0.398,10,4910.0
High-Income Investor,39,13940.0,0.312,0.453,5.5,208.82,21,220180.0,0.129,36,10640.0
High-Income Investor,57,17790.0,0.311,0.327,5.2,160.24,26,70690.0,0.054,16,13850.0
Steady Middle,33,7060.0,0.087,0.423,6.5,74.27,18,7890.0,0.293,12,7280.0
Young Digital Spender,24,3180.0,0.05,0.517,20.3,39.26,69,230.0,0.348,43,3150.0
Steady Middle,34,6290.0,0.145,0.331,8.4,85.24,25,9820.0,0.348,58,5470.0
Budget-Conscious Saver,25,4830.0,0.305,0.204,9.4,64.19,34,640.0,0.202,42,3700.0
Young Digital Spender,25,3650.0,0.05,0.472,30.7,42.08,43,360.0,0.252,26,3390.0
High-Income Investor,44,15820.0,0.366,0.441,3.0,158.34,21,79580.0,0.0,35,8770.0
Credit-Reliant Household,38,3250.0,0.001,0.432,8.2,32.23,29,40.0,0.672,48,2970.0
Budget-Conscious Saver,39,4970.0,0.226,0.184,10.1,34.4,33,1540.0,0.2,21,3500.0
Credit-Reliant Household,41,3510.0,0.013,0.337,7.4,59.36,26,350.0,0.79,45,3100.0
Credit-Reliant Household,44,2930.0,-0.055,0.465,10.8,35.42,28,460.0,0.758,36,2740.0
Young Digital Spender,22,3410.0,0.048,0.573,22.8,53.58,67,280.0,0.362,25,3280.0
Credit-Reliant Household,43,4380.0,0.014,0.292,13.5,15.36,24,60.0,0.877,16,3790.0
Steady Middle,42,6710.0,0.165,0.42,12.2,72.56,31,8110.0,0.312,36,4940.0
Credit-Reliant Household,48,4110.0,-0.025,0.335,12.1,49.76,42,20.0,0.694,47,4120.0
Steady Middle,32,4980.0,0.062,0.311,6.4,82.85,15,1700.0,0.425,38,5360.0
Credit-Reliant Household,29,4820.0,-0.032,0.297,8.7,51.61,19,90.0,0.722,30,4460.0
Credit-Reliant Household,30,3220.0,0.01,0.474,4.0,23.75,28,280.0,0.744,57,3470.0
Young Digital Spender,21,2960.0,0.12,0.397,27.1,46.01,62,120.0,0.201,52,2610.0
Budget-Conscious Saver,26,5950.0,0.272,0.149,1.8,78.12,21,1110.0,0.227,42,4170.0
Credit-Reliant Household,29,3580.0,0.024,0.271,10.4,48.1,38,40.0,0.924,5,3720.0
Credit-Reliant Household,40,2780.0,-0.047,0.388,8.4,49.22,31,240.0,0.785,1,2610.0
High-Income Investor,49,11310.0,0.24,0.432,3.1,96.68,14,55280.0,0.166,52,9570.0
Steady Middle,35,6700.0,0.1,0.315,10.7,40.16,22,7910.0,0.272,4,5810.0
Young Digital Spender,21,2710.0,0.048,0.54,32.0,37.32,52,400.0,0.221,45,2300.0
Steady Middle,36,5890.0,0.181,0.393,7.7,74.2,40,7190.0,0.3,36,5490.0
Credit-Reliant Household,32,2840.0,0.005,0.394,6.5,43.69,45,180.0,0.77,12,2470.0
Young Digital Spender,23,4130.0,0.044,0.53,29.3,39.38,37,280.0,0.393,25,3370.0
Young Digital Spender,24,2590.0,0.062,0.734,13.1,58.18,39,490.0,0.255,39,2330.0
Steady Middle,37,6180.0,0.149,0.331,3.7,43.76,25,9220.0,0.192,37,4570.0
Steady Middle,44,6250.0,0.127,0.308,8.4,40.24,32,2680.0,0.384,24,4760.0
Steady Middle,29,6540.0,0.136,0.364,9.4,78.41,22,15130.0,0.342,56,5450.0
Credit-Reliant Household,40,3350.0,0.025,0.478,11.7,37.25,38,60.0,0.537,57,3270.0
Credit-Reliant Household,38,4450.0,-0.022,0.462,7.7,34.91,46,30.0,0.792,45,4240.0
Budget-Conscious Saver,27,5620.0,0.217,0.24,9.6,73.71,26,4700.0,0.114,37,4400.0
Credit-Reliant Household,40,4450.0,-0.035,0.351,11.5,23.71,19,30.0,0.579,26,4940.0
Credit-Reliant Household,47,3780.0,-0.011,0.378,6.7,32.73,49,90.0,0.673,34,4280.0
Steady Middle,29,5740.0,0.169,0.359,9.0,70.73,25,16560.0,0.28,32,5140.0
High-Income Investor,56,13220.0,0.189,0.227,3.0,161.17,19,24300.0,0.08,21,11650.0
Credit-Reliant Household,31,4910.0,0.003,0.349,13.3,42.3,46,10.0,0.507,51,5180.0
Young Digital Spender,21,3840.0,0.083,0.505,29.0,44.91,62,600.0,0.153,21,3570.0
Budget-Conscious Saver,37,3160.0,0.171,0.211,8.7,52.83,21,6270.0,0.086,24,2970.0
Steady Middle,26,5290.0,0.095,0.339,6.8,44.71,27,11200.0,0.296,9,5350.0
High-Income Investor,44,12210.0,0.278,0.35,8.0,122.71,15,45340.0,0.05,1,7880.0
Credit-Reliant Household,41,3670.0,0.046,0.428,7.3,44.29,21,70.0,0.818,37,3490.0
Young Digital Spender,25,3330.0,-0.023,0.535,16.4,64.46,69,390.0,0.439,51,3290.0
Budget-Conscious Saver,26,5600.0,0.288,0.238,9.1,51.82,28,2060.0,0.162,42,3860.0
High-Income Investor,45,10310.0,0.189,0.331,7.2,84.75,21,100510.0,0.017,31,7880.0
Budget-Conscious Saver,35,4450.0,0.142,0.224,8.8,41.9,21,7520.0,0.224,23,4180.0
Young Digital Spender,20,2690.0,0.032,0.471,19.6,31.44,56,110.0,0.321,33,2730.0
Steady Middle,41,7950.0,0.106,0.4,5.8,59.93,36,7780.0,0.177,52,7500.0
Credit-Reliant Household,29,4910.0,-0.03,0.466,6.1,63.1,30,210.0,0.784,50,4990.0
High-Income Investor,47,17550.0,0.212,0.326,3.0,81.34,23,51550.0,0.0,4,12020.0
Steady Middle,37,5820.0,0.16,0.345,9.0,86.19,30,7140.0,0.293,7,5360.0
Credit-Reliant Household,36,3350.0,-0.023,0.256,14.3,43.49,31,190.0,0.619,43,3210.0
Steady Middle,41,7220.0,0.064,0.373,7.3,92.64,32,3310.0,0.206,59,6570.0
High-Income Investor,56,13540.0,0.269,0.337,9.0,194.49,18,187710.0,0.127,17,10870.0
Steady Middle,45,4100.0,0.189,0.301,7.7,92.98,22,2060.0,0.342,44,2940.0
Steady Middle,39,4720.0,0.161,0.418,5.8,63.74,43,9860.0,0.305,50,4450.0
Steady Middle,48,4890.0,0.076,0.319,14.6,95.4,35,4020.0,0.417,38,3880.0
Young Digital Spender,27,2780.0,0.027,0.628,19.9,18.6,42,50.0,0.375,43,2720.0
Young Digital Spender,23,2830.0,0.035,0.421,27.9,54.33,39,370.0,0.459,56,2790.0
High-Income Investor,46,15270.0,0.328,0.334,5.5,132.48,13,69770.0,0.06,30,9970.0
Budget-Conscious Saver,32,6050.0,0.361,0.065,6.3,49.02,40,2790.0,0.129,23,4090.0
Steady Middle,41,4630.0,0.205,0.242,10.1,49.37,20,10900.0,0.268,35,3440.0
Steady Middle,30,5400.0,0.081,0.495,3.5,79.42,41,8240.0,0.328,38,5570.0
Budget-Conscious Saver,25,3070.0,0.242,0.194,8.5,65.89,23,1880.0,0.139,23,2350.0
Budget-Conscious Saver,31,3400.0,0.312,0.297,7.9,35.65,26,2410.0,0.215,52,2670.0
Steady Middle,42,4420.0,0.169,0.315,5.5,32.6,25,630.0,0.353,15,4070.0
Budget-Conscious Saver,41,4690.0,0.287,0.136,3.8,53.48,16,5220.0,0.194,27,3210.0
Steady Middle,49,7600.0,0.048,0.235,7.6,73.22,24,12670.0,0.297,45,7880.0
Budget-Conscious Saver,41,4530.0,0.328,0.384,1.5,62.99,26,3050.0,0.108,4,2980.0
Budget-Conscious Saver,37,4240.0,0.253,0.14,9.4,54.7,25,1580.0,0.054,44,3230.0
Budget-Conscious Saver,31,5630.0,0.29,0.189,9.3,27.68,16,1480.0,0.154,34,4220.0
Steady Middle,36,7480.0,0.105,0.329,6.3,88.59,40,3910.0,0.346,31,7310.0
Budget-Conscious Saver,38,3090.0,0.188,0.141,4.6,72.17,24,3820.0,0.123,28,2220.0
High-Income Investor,49,11560.0,0.287,0.331,5.7,124.06,19,64410.0,0.025,51,7700.0
Credit-Reliant Household,52,3290.0,0.062,0.48,10.1,32.94,44,40.0,0.845,37,2990.0
Credit-Reliant Household,54,4440.0,0.037,0.43,8.4,28.25,21,240.0,0.691,35,4760.0
Budget-Conscious Saver,35,3290.0,0.266,0.235,4.2,21.96,9,1190.0,0.049,10,2330.0
Credit-Reliant Household,34,3830.0,-0.052,0.434,12.7,16.01,25,170.0,0.958,53,4320.0
Young Digital Spender,25,3500.0,0.147,0.421,25.5,48.69,68,460.0,0.501,10,3260.0
Credit-Reliant Household,47,3140.0,-0.025,0.501,6.0,37.54,39,70.0,0.582,50,3580.0
Budget-Conscious Saver,26,5630.0,0.293,0.214,8.6,55.42,26,5170.0,0.114,25,4110.0
High-Income Investor,45,17530.0,0.338,0.477,8.0,121.41,22,29470.0,0.077,56,10150.0
Budget-Conscious Saver,30,4100.0,0.302,0.224,6.8,51.02,21,3620.0,0.075,8,2470.0
Steady Middle,26,4450.0,0.076,0.323,3.3,52.45,28,7580.0,0.275,52,4140.0
Budget-Conscious Saver,26,3940.0,0.205,0.191,8.1,50.26,29,3000.0,0.113,27,3500.0
Steady Middle,30,5220.0,0.202,0.299,6.0,84.9,39,1050.0,0.258,15,4190.0
Credit-Reliant Household,49,4570.0,-0.031,0.431,8.0,37.32,31,200.0,0.872,15,4620.0
Steady Middle,34,4780.0,0.116,0.454,9.4,60.35,37,2480.0,0.345,32,4560.0
Steady Middle,35,7420.0,0.126,0.394,4.9,43.71,27,16140.0,0.114,5,7110.0
Credit-Reliant Household,32,3490.0,0.037,0.417,7.4,52.95,33,70.0,0.967,30,3530.0
Steady Middle,27,5770.0,0.097,0.314,10.9,61.51,28,3550.0,0.255,13,5060.0
Steady Middle,40,5620.0,0.065,0.308,6.1,59.61,39,7360.0,0.278,46,5040.0
High-Income Investor,46,17450.0,0.354,0.517,7.5,91.21,19,57000.0,0.028,33,12280.0
Steady Middle,37,5940.0,0.086,0.383,9.2,71.64,25,2650.0,0.243,25,6080.0
Young Digital Spender,24,2830.0,0.064,0.613,21.9,35.56,38,70.0,0.372,14,2520.0
Young Digital Spender,23,3260.0,0.063,0.708,23.1,5.0,33,70.0,0.453,43,3130.0
High-Income Investor,54,16860.0,0.345,0.348,8.2,110.73,7,88640.0,0.039,5,9800.0
Budget-Conscious Saver,31,5290.0,0.31,0.217,8.5,68.8,23,3630.0,0.113,22,4040.0
Steady Middle,34,7720.0,0.179,0.401,10.1,51.21,29,15960.0,0.133,25,7020.0
Young Digital Spender,27,3440.0,-0.021,0.642,26.5,39.12,58,10.0,0.498,39,3580.0
Budget-Conscious Saver,28,5220.0,0.368,0.148,5.0,54.31,21,890.0,0.152,44,2990.0
Steady Middle,34,4740.0,0.105,0.314,6.2,63.51,37,9710.0,0.332,25,4300.0
High-Income Investor,44,13650.0,0.266,0.41,6.7,134.84,15,87520.0,0.0,32,10050.0
High-Income Investor,45,8880.0,0.254,0.413,5.6,208.56,22,55160.0,0.038,25,6480.0
Credit-Reliant Household,45,3140.0,0.058,0.448,10.3,37.99,32,120.0,0.52,45,2810.0
Steady Middle,47,5410.0,0.133,0.271,10.1,82.25,27,6090.0,0.186,14,5210.0
Steady Middle,35,7600.0,0.166,0.357,10.3,19.24,28,13570.0,0.368,24,6940.0
Budget-Conscious Saver,32,3160.0,0.223,0.24,7.9,23.59,21,1310.0,0.075,12,2820.0
Young Digital Spender,20,2710.0,-0.032,0.411,18.9,24.34,60,410.0,0.549,51,3120.0
Budget-Conscious Saver,32,6020.0,0.301,0.157,8.9,70.56,34,5630.0,0.123,12,4310.0
Steady Middle,27,7200.0,0.034,0.321,6.3,35.91,32,9970.0,0.169,17,7300.0
Credit-Reliant Household,44,4360.0,-0.001,0.496,12.9,38.35,30,300.0,0.717,57,4790.0
Young Digital Spender,20,2750.0,0.05,0.446,24.3,11.45,53,320.0,0.489,49,2380.0
Credit-Reliant Household,42,3240.0,-0.05,0.399,12.8,33.4,45,130.0,0.79,36,3410.0
High-Income Investor,38,9880.0,0.402,0.313,5.9,77.66,25,63340.0,0.084,49,5860.0
Credit-Reliant Household,52,4680.0,0.026,0.429,6.1,22.46,40,0.0,0.741,33,4550.0
Young Digital Spender,23,3280.0,-0.037,0.658,26.5,10.69,57,450.0,0.226,1,3370.0
Steady Middle,33,5140.0,0.158,0.25,9.2,69.24,31,9400.0,0.253,12,4950.0
Young Digital Spender,26,2230.0,0.024,0.726,24.0,36.8,53,270.0,0.19,47,2130.0
Budget-Conscious Saver,35,4340.0,0.339,0.272,7.6,69.3,22,3100.0,0.21,2,3050.0
Budget-Conscious Saver,26,5300.0,0.277,0.2,4.8,41.82,17,1810.0,0.144,29,4240.0
Steady Middle,29,7220.0,0.102,0.364,7.0,69.69,25,2400.0,0.267,17,5900.0
Steady Middle,48,5080.0,0.204,0.376,6.5,37.74,25,7400.0,0.381,30,3850.0
Budget-Conscious Saver,28,4600.0,0.193,0.183,5.3,73.4,20,690.0,0.067,56,3290.0
Credit-Reliant Household,35,2590.0,0.0,0.43,6.8,34.74,36,30.0,0.815,43,2680.0
Young Digital Spender,20,4430.0,0.025,0.564,28.0,57.11,45,250.0,0.398,33,4110.0
Steady Middle,29,4570.0,0.071,0.377,6.3,67.97,27,4670.0,0.229,3,3930.0
Credit-Reliant Household,37,4650.0,-0.063,0.302,15.6,34.84,40,10.0,0.639,45,4820.0
Young Digital Spender,24,3710.0,0.064,0.575,27.5,15.47,40,260.0,0.45,57,3910.0
Steady Middle,29,4100.0,0.1,0.267,11.4,94.75,16,7370.0,0.185,26,3690.0
Credit-Reliant Household,47,3070.0,-0.009,0.36,11.5,52.9,32,440.0,0.633,27,2930.0
High-Income Investor,47,16610.0,0.193,0.343,3.2,195.17,20,33580.0,0.11,1,11980.0
Credit-Reliant Household,44,2500.0,0.03,0.436,10.8,36.79,27,270.0,0.753,41,2230.0
Young Digital Spender,22,2640.0,0.068,0.492,30.6,54.62,64,340.0,0.533,40,2120.0
High-Income Investor,51,8550.0,0.194,0.416,4.9,167.14,24,26990.0,0.166,53,6160.0
Budget-Conscious Saver,33,3430.0,0.221,0.212,6.4,59.34,27,3140.0,0.246,7,3050.0
Steady Middle,36,5400.0,0.171,0.313,10.9,80.4,17,8270.0,0.21,29,3900.0
Credit-Reliant Household,50,2680.0,-0.06,0.412,10.0,46.21,21,320.0,0.868,10,2890.0
Young Digital Spender,23,2910.0,0.061,0.668,23.2,45.67,42,360.0,0.393,58,2500.0
High-Income Investor,45,9240.0,0.346,0.315,3.0,116.67,28,125300.0,0.119,8,6570.0
Steady Middle,31,5010.0,0.174,0.31,10.0,44.19,20,3480.0,0.267,37,4330.0
High-Income Investor,54,9510.0,0.312,0.319,3.4,159.88,13,23450.0,0.05,2,6570.0
Budget-Conscious Saver,34,6230.0,0.261,0.233,7.3,64.06,32,3110.0,0.176,10,5030.0
Credit-Reliant Household,44,2780.0,-0.018,0.406,12.2,33.1,21,250.0,0.657,58,2710.0
High-Income Investor,45,10020.0,0.22,0.424,9.9,186.69,10,128900.0,0.149,55,6970.0
Budget-Conscious Saver,32,5100.0,0.244,0.082,5.0,67.93,24,6170.0,0.078,8,4150.0
Credit-Reliant Household,40,4830.0,0.028,0.521,4.5,8.62,25,250.0,0.688,23,5300.0
Credit-Reliant Household,51,2520.0,-0.05,0.422,6.6,29.21,45,30.0,0.73,24,2470.0
Steady Middle,48,6800.0,0.135,0.36,10.4,76.48,20,4140.0,0.456,44,5140.0
Young Digital Spender,23,3340.0,0.026,0.561,15.4,62.65,42,500.0,0.294,35,2930.0
Credit-Reliant Household,40,3030.0,0.017,0.383,11.7,34.92,25,40.0,0.82,41,2820.0
Steady Middle,34,6650.0,0.128,0.302,9.1,54.27,29,1880.0,0.302,7,6540.0
Steady Middle,41,4090.0,0.097,0.398,7.4,66.13,23,8460.0,0.182,46,3300.0
Budget-Conscious Saver,28,4740.0,0.303,0.259,9.8,51.89,21,3900.0,0.226,7,3250.0
Young Digital Spender,24,4120.0,0.034,0.444,19.3,33.27,53,30.0,0.39,53,4280.0
High-Income Investor,45,14430.0,0.346,0.401,8.4,179.56,15,33150.0,0.04,38,9460.0
High-Income Investor,44,17160.0,0.196,0.223,3.2,169.33,23,102000.0,0.093,42,14720.0
Budget-Conscious Saver,34,3800.0,0.228,0.22,3.9,72.23,22,3000.0,0.147,12,2690.0
Steady Middle,26,4650.0,0.095,0.382,10.9,81.16,36,3630.0,0.301,47,4240.0
Steady Middle,48,7390.0,0.13,0.388,8.3,83.66,29,4100.0,0.182,28,6020.0
Steady Middle,32,7180.0,0.139,0.267,8.9,90.64,21,5470.0,0.275,5,6230.0
Young Digital Spender,21,3240.0,0.056,0.695,15.8,24.33,40,1370.0,0.521,47,3020.0
High-Income Investor,40,15490.0,0.3,0.292,6.1,69.59,18,49410.0,0.069,5,11950.0
Credit-Reliant Household,41,2870.0,0.043,0.341,10.0,27.21,36,50.0,0.86,1,2960.0
Budget-Conscious Saver,28,4840.0,0.324,0.395,7.4,46.83,37,5320.0,0.066,21,3010.0
Steady Middle,48,5030.0,0.126,0.264,10.9,66.05,39,12370.0,0.248,39,3740.0
Young Digital Spender,26,3860.0,0.01,0.546,11.5,47.71,42,680.0,0.368,54,4370.0
High-Income Investor,37,13700.0,0.358,0.275,2.9,89.93,14,45750.0,0.104,46,9730.0
High-Income Investor,49,17720.0,0.316,0.287,8.7,73.53,22,71550.0,0.002,55,12400.0
Steady Middle,45,7170.0,0.2,0.455,7.3,60.86,40,2090.0,0.307,13,5520.0
Credit-Reliant Household,44,4960.0,-0.007,0.375,10.7,23.47,33,280.0,0.752,3,5060.0
Young Digital Spender,25,3350.0,0.062,0.691,23.2,31.41,56,900.0,0.14,18,2700.0
Credit-Reliant Household,38,3270.0,-0.001,0.3,12.7,30.95,37,150.0,0.973,51,2890.0
Steady Middle,41,5230.0,0.087,0.415,10.2,52.8,25,5620.0,0.389,18,4720.0
High-Income Investor,37,10260.0,0.382,0.387,5.4,61.93,32,69510.0,0.082,38,7070.0
Steady Middle,34,6990.0,0.198,0.25,14.8,79.2,39,13510.0,0.334,6,5860.0
Steady Middle,43,6660.0,0.191,0.407,3.5,98.59,29,5470.0,0.173,53,4990.0
Credit-Reliant Household,54,4410.0,-0.1,0.492,9.9,37.26,25,30.0,0.78,1,5270.0
Young Digital Spender,20,4030.0,0.029,0.712,19.0,28.29,45,160.0,0.437,15,4460.0
Steady Middle,34,6940.0,0.146,0.3,9.0,67.97,27,6570.0,0.259,59,5800.0
Steady Middle,44,7140.0,0.159,0.327,13.0,89.09,35,4980.0,0.282,53,6180.0
Credit-Reliant Household,36,3220.0,-0.011,0.292,6.7,70.09,31,260.0,0.536,25,3550.0
High-Income Investor,46,10970.0,0.339,0.299,5.4,86.47,14,34510.0,0.137,21,8290.0
Steady Middle,36,5760.0,0.122,0.374,8.9,52.4,14,7400.0,0.155,16,5370.0
Young Digital Spender,26,2820.0,0.069,0.682,26.7,14.71,53,240.0,0.308,25,2450.0
Budget-Conscious Saver,39,5640.0,0.217,0.181,6.5,35.0,15,850.0,0.101,40,5020.0
Young Digital Spender,23,4110.0,0.089,0.654,14.8,27.8,39,40.0,0.489,57,3430.0
Credit-Reliant Household,34,2660.0,-0.05,0.506,6.3,28.73,40,20.0,0.821,31,2780.0
Young Digital Spender,24,3570.0,0.086,0.697,23.8,43.94,62,90.0,0.249,45,3160.0
Steady Middle,27,7550.0,0.134,0.438,6.7,44.46,24,7760.0,0.137,2,7230.0
Budget-Conscious Saver,33,3350.0,0.363,0.309,8.9,47.55,30,5460.0,0.075,37,2130.0
Credit-Reliant Household,46,4740.0,-0.029,0.349,10.5,55.91,28,90.0,0.587,1,4910.0
High-Income Investor,54,16050.0,0.219,0.336,4.3,161.99,21,120410.0,0.108,24,12540.0
Credit-Reliant Household,40,3240.0,0.075,0.323,4.9,27.65,24,220.0,0.856,21,3210.0
Young Digital Spender,25,2910.0,0.02,0.633,28.3,47.55,48,430.0,0.516,4,2940.0
Credit-Reliant Household,28,3010.0,-0.025,0.351,9.6,32.93,22,30.0,0.936,16,3150.0
Young Digital Spender,21,2410.0,0.038,0.764,28.3,25.26,65,140.0,0.37,43,2050.0
Steady Middle,38,5200.0,0.164,0.391,7.8,46.32,18,6850.0,0.298,46,4600.0
Credit-Reliant Household,33,3580.0,-0.09,0.39,12.2,11.82,39,190.0,0.791,31,3470.0
Steady Middle,39,4240.0,0.104,0.422,8.6,66.28,24,1400.0,0.328,37,3530.0
Budget-Conscious Saver,39,5060.0,0.286,0.195,4.0,74.96,25,2150.0,0.083,58,4100.0
Credit-Reliant Household,29,3930.0,-0.045,0.326,8.3,26.61,29,180.0,0.826,59,4620.0
Young Digital Spender,27,2960.0,0.083,0.608,15.0,37.9,60,260.0,0.394,32,2890.0
Budget-Conscious Saver,35,5320.0,0.291,0.26,5.3,47.26,35,1320.0,0.086,6,3910.0
High-Income Investor,53,9970.0,0.3,0.323,5.5,133.7,23,76140.0,0.062,30,7340.0
Budget-Conscious Saver,29,5630.0,0.181,0.268,4.7,81.52,29,1040.0,0.238,42,4220.0
Budget-Conscious Saver,38,3800.0,0.28,0.144,9.3,33.24,16,1010.0,0.094,51,2780.0
Budget-Conscious Saver,29,5980.0,0.204,0.213,8.2,48.86,28,1890.0,0.044,24,4110.0
High-Income Investor,48,15590.0,0.313,0.366,7.8,86.03,9,94840.0,0.159,21,10200.0
Budget-Conscious Saver,28,5670.0,0.325,0.269,10.4,33.34,25,1040.0,0.168,32,4050.0
Budget-Conscious Saver,33,5310.0,0.283,0.22,10.2,36.23,18,2310.0,0.181,6,3530.0
Credit-Reliant Household,38,2630.0,-0.06,0.427,13.6,46.93,26,150.0,0.717,37,2790.0
Young Digital Spender,23,3010.0,0.009,0.572,18.1,42.3,66,240.0,0.32,30,2810.0
Steady Middle,45,5400.0,0.134,0.383,4.8,52.65,38,2540.0,0.311,3,4580.0
Steady Middle,42,6610.0,0.111,0.365,5.6,49.09,31,7780.0,0.278,17,5870.0
Steady Middle,38,4890.0,0.073,0.402,7.7,65.4,21,1920.0,0.298,6,4630.0
Steady Middle,35,6520.0,0.105,0.359,6.8,30.9,26,9430.0,0.345,13,5570.0
Credit-Reliant Household,38,3000.0,-0.034,0.41,8.9,57.14,18,210.0,0.78,31,3140.0
Young Digital Spender,27,4460.0,0.013,0.541,19.0,24.95,55,110.0,0.543,32,4220.0
Credit-Reliant Household,48,3720.0,-0.015,0.451,8.8,13.78,36,270.0,0.781,16,4160.0
Budget-Conscious Saver,27,3960.0,0.349,0.338,5.4,63.17,21,1450.0,0.13,35,2550.0
Steady Middle,35,7070.0,0.151,0.413,12.2,87.85,18,3990.0,0.317,28,6310.0
Young Digital Spender,20,3210.0,0.087,0.559,17.6,52.72,63,140.0,0.231,46,2530.0
Credit-Reliant Household,54,4120.0,-0.018,0.33,5.8,54.81,36,240.0,0.668,27,3660.0
Steady Middle,33,7800.0,0.137,0.313,10.8,70.43,34,3670.0,0.329,1,5850.0
High-Income Investor,56,9190.0,0.36,0.394,5.9,171.37,26,45480.0,0.139,59,5880.0
High-Income Investor,38,17140.0,0.304,0.263,6.5,99.96,23,41430.0,0.125,53,12210.0
Credit-Reliant Household,37,4690.0,0.062,0.386,11.4,31.44,36,180.0,0.957,52,4260.0
Young Digital Spender,25,2280.0,0.119,0.548,25.5,57.38,48,340.0,0.42,35,2120.0
Young Digital Spender,24,2840.0,0.011,0.514,11.3,63.77,50,160.0,0.224,26,3030.0
Credit-Reliant Household,51,3440.0,-0.004,0.387,12.3,48.6,25,220.0,0.758,54,3720.0
High-Income Investor,40,17430.0,0.34,0.397,6.0,80.62,21,37980.0,0.002,58,11250.0
Young Digital Spender,21,2570.0,0.107,0.463,26.4,37.7,39,460.0,0.482,51,2190.0
Budget-Conscious Saver,38,4870.0,0.276,0.189,6.0,59.79,29,720.0,0.216,44,3260.0
Budget-Conscious Saver,26,5710.0,0.378,0.154,7.9,65.43,24,1440.0,0.138,11,3960.0
Steady Middle,41,5000.0,0.125,0.421,7.3,35.98,28,9540.0,0.3,36,4210.0
Credit-Reliant Household,39,3310.0,-0.02,0.319,10.4,34.22,36,170.0,0.82,50,3630.0
Credit-Reliant Household,46,4950.0,-0.042,0.416,11.9,47.29,28,60.0,0.822,33,5880.0
Steady Middle,30,5410.0,0.195,0.426,5.7,44.9,9,5680.0,0.279,18,4410.0
Budget-Conscious Saver,25,4020.0,0.301,0.299,7.8,20.02,18,5670.0,0.206,45,2830.0
Budget-Conscious Saver,31,6170.0,0.277,0.182,9.2,11.69,38,2460.0,0.102,45,5080.0
High-Income Investor,44,14340.0,0.408,0.316,8.4,184.78,7,58400.0,0.066,13,7280.0
Steady Middle,27,6960.0,0.134,0.424,8.0,21.85,25,6860.0,0.061,8,5530.0
Young Digital Spender,20,3990.0,0.042,0.465,27.7,56.63,73,240.0,0.38,31,3290.0
Steady Middle,28,4600.0,0.138,0.267,9.9,55.13,27,8220.0,0.284,30,3850.0
Credit-Reliant Household,48,4380.0,-0.022,0.464,12.4,53.14,27,180.0,0.657,25,4920.0
High-Income Investor,50,13190.0,0.393,0.441,9.3,120.37,16,31210.0,0.009,25,8840.0
Steady Middle,26,5870.0,0.153,0.316,9.3,37.31,20,4490.0,0.326,51,5180.0
High-Income Investor,50,15500.0,0.267,0.353,7.3,76.25,13,28430.0,0.099,25,12840.0
Young Digital Spender,21,3360.0,0.008,0.701,13.5,59.68,47,70.0,0.549,27,3760.0
Young Digital Spender,25,3380.0,0.071,0.527,13.1,46.13,47,180.0,0.315,5,2940.0
Steady Middle,35,6120.0,0.131,0.372,11.3,63.71,26,3530.0,0.278,13,4990.0
Young Digital Spender,21,3790.0,0.044,0.596,18.0,35.42,67,230.0,0.457,58,3560.0
Steady Middle,42,7030.0,0.189,0.322,6.5,46.79,41,3470.0,0.293,57,5870.0
Steady Middle,37,7840.0,0.172,0.344,4.7,62.12,30,11070.0,0.309,59,5730.0
Budget-Conscious Saver,40,5610.0,0.289,0.135,6.7,52.57,29,2330.0,0.082,5,4100.0
Budget-Conscious Saver,33,4970.0,0.31,0.296,5.3,51.49,29,5330.0,0.102,17,3060.0
Young Digital Spender,20,3450.0,0.059,0.487,28.3,22.41,40,310.0,0.472,25,3000.0
Young Digital Spender,20,3960.0,0.107,0.621,27.9,51.73,55,100.0,0.191,17,3790.0
Steady Middle,32,4630.0,0.172,0.386,4.9,77.51,19,17640.0,0.245,56,4280.0
Steady Middle,27,6080.0,0.151,0.317,8.0,72.16,16,2990.0,0.171,20,5140.0
Young Digital Spender,27,2630.0,0.129,0.539,18.1,16.2,64,40.0,0.246,16,2540.0
Credit-Reliant Household,52,2660.0,0.01,0.308,12.9,48.61,30,220.0,0.609,26,2560.0
Young Digital Spender,25,3190.0,0.054,0.514,27.6,55.7,50,170.0,0.42,18,2920.0
Steady Middle,35,7240.0,0.148,0.346,5.4,40.71,39,12460.0,0.341,3,6990.0
Young Digital Spender,27,2540.0,0.094,0.528,20.9,28.56,44,410.0,0.23,48,2640.0
Steady Middle,44,7460.0,0.117,0.406,11.1,80.73,24,710.0,0.367,54,7000.0
Credit-Reliant Household,41,3320.0,-0.053,0.471,6.7,46.83,39,190.0,0.748,1,4010.0
Steady Middle,45,4440.0,0.102,0.313,8.9,21.4,23,5830.0,0.407,42,4000.0
Budget-Conscious Saver,29,6250.0,0.302,0.193,9.0,60.23,37,670.0,0.189,15,3870.0
Young Digital Spender,26,3060.0,0.038,0.646,16.7,15.22,47,230.0,0.51,59,2590.0
Young Digital Spender,26,4230.0,0.011,0.619,28.2,41.98,40,260.0,0.298,49,4500.0
Young Digital Spender,27,3010.0,0.071,0.565,12.9,21.41,50,410.0,0.355,34,2470.0
Young Digital Spender,24,2870.0,0.048,0.691,24.4,61.51,41,460.0,0.444,54,2840.0
Steady Middle,30,6120.0,0.177,0.39,8.0,60.93,25,10750.0,0.375,26,4910.0
Young Digital Spender,23,4470.0,0.059,0.625,26.9,51.22,42,720.0,0.253,32,4140.0
Budget-Conscious Saver,33,6140.0,0.218,0.125,4.9,49.38,31,3480.0,0.202,40,5340.0
Young Digital Spender,24,2660.0,0.075,0.462,25.0,55.38,32,130.0,0.203,16,2350.0
Budget-Conscious Saver,30,5550.0,0.285,0.225,8.6,16.58,32,4190.0,0.158,36,3390.0
Budget-Conscious Saver,29,3290.0,0.31,0.28,5.9,63.07,43,1450.0,0.175,5,2280.0
High-Income Investor,57,14220.0,0.384,0.393,3.4,75.68,31,42730.0,0.103,42,9200.0
Steady Middle,31,5310.0,0.107,0.261,9.6,42.39,23,7820.0,0.236,7,4690.0
Steady Middle,34,7750.0,0.121,0.338,6.8,64.34,35,4850.0,0.252,20,5980.0
Budget-Conscious Saver,27,5950.0,0.239,0.265,3.4,15.82,33,2640.0,0.099,3,3940.0
Young Digital Spender,27,3630.0,-0.025,0.574,24.2,60.78,62,360.0,0.263,37,3610.0
Young Digital Spender,27,3380.0,0.073,0.456,28.2,18.75,59,280.0,0.251,35,3410.0
Young Digital Spender,26,2410.0,0.049,0.458,16.0,5.0,59,390.0,0.483,41,2140.0
Young Digital Spender,22,3790.0,0.056,0.573,19.5,30.35,55,340.0,0.383,58,3730.0
Steady Middle,34,6570.0,0.174,0.359,8.1,64.96,26,3130.0,0.261,44,6150.0
Young Digital Spender,21,3040.0,0.028,0.606,28.4,35.82,59,50.0,0.419,7,2690.0
Steady Middle,42,5300.0,0.15,0.319,7.6,64.05,29,9390.0,0.36,56,4820.0
Budget-Conscious Saver,28,4390.0,0.288,0.182,8.5,88.46,19,1880.0,0.197,13,3090.0
Steady Middle,41,5620.0,0.128,0.317,13.9,79.75,37,1680.0,0.292,24,5130.0
Credit-Reliant Household,43,3770.0,-0.074,0.368,13.1,61.84,25,0.0,0.894,21,3450.0
Budget-Conscious Saver,40,6230.0,0.378,0.299,9.1,43.05,30,2240.0,0.119,39,3600.0
High-Income Investor,50,8250.0,0.259,0.22,5.9,71.17,11,137950.0,0.055,3,5890.0
Young Digital Spender,22,4210.0,0.025,0.632,13.2,54.58,52,140.0,0.426,24,4180.0
High-Income Investor,53,12180.0,0.389,0.328,7.7,158.79,22,14580.0,0.094,54,8040.0
Steady Middle,36,4060.0,0.129,0.332,7.9,54.96,19,7140.0,0.433,41,3510.0
Young Digital Spender,22,3220.0,-0.01,0.662,20.5,34.7,36,300.0,0.384,1,3380.0
Budget-Conscious Saver,32,6420.0,0.244,0.235,8.1,90.17,35,2290.0,0.255,23,5340.0
Steady Middle,26,7290.0,0.064,0.297,9.1,55.53,21,6700.0,0.118,8,7460.0
Steady Middle,27,5410.0,0.121,0.361,10.0,94.83,33,3340.0,0.183,43,5410.0
Young Digital Spender,21,4420.0,0.059,0.55,19.1,42.02,66,100.0,0.386,30,3840.0
Steady Middle,30,5880.0,0.111,0.273,4.7,85.51,20,4040.0,0.246,18,5840.0
Credit-Reliant Household,38,4180.0,-0.078,0.248,5.3,32.72,39,100.0,0.696,50,3870.0
Steady Middle,46,6760.0,0.11,0.301,9.5,69.11,37,4570.0,0.297,27,5860.0
Budget-Conscious Saver,27,4970.0,0.273,0.239,10.9,35.55,26,2020.0,0.098,54,3990.0
High-Income Investor,49,15800.0,0.352,0.268,8.4,174.91,11,118610.0,0.145,30,9280.0
Steady Middle,43,6130.0,0.124,0.341,5.9,81.12,29,1480.0,0.291,28,5870.0
Budget-Conscious Saver,31,3540.0,0.337,0.144,7.4,32.63,13,1520.0,0.165,41,2170.0
Young Digital Spender,21,2210.0,0.082,0.728,14.0,31.62,69,270.0,0.282,2,2290.0
High-Income Investor,54,16600.0,0.188,0.336,7.9,190.56,17,49760.0,0.106,21,12690.0
Steady Middle,35,6630.0,0.2,0.368,9.5,84.84,14,8840.0,0.251,54,4610.0
Young Digital Spender,27,3870.0,0.034,0.553,20.0,56.26,51,50.0,0.479,52,3270.0
Young Digital Spender,21,4410.0,0.06,0.483,24.9,42.3,35,150.0,0.25,25,4100.0
High-Income Investor,55,14100.0,0.261,0.287,4.8,89.14,20,72090.0,0.098,42,10850.0
Budget-Conscious Saver,41,5910.0,0.299,0.232,0.6,23.31,21,2690.0,0.225,20,4410.0
Credit-Reliant Household,28,2940.0,-0.006,0.342,12.6,35.2,38,100.0,0.555,48,2530.0
Budget-Conscious Saver,39,6350.0,0.25,0.278,8.1,71.24,35,4700.0,0.195,22,4250.0
Steady Middle,45,7040.0,0.107,0.346,8.7,78.77,42,5710.0,0.202,40,5860.0
Steady Middle,46,5900.0,0.103,0.362,8.9,60.23,21,5280.0,0.406,43,4900.0
Credit-Reliant Household,38,4180.0,-0.009,0.409,14.9,60.73,39,40.0,0.939,18,4570.0
Steady Middle,29,6840.0,0.097,0.219,8.1,51.19,40,830.0,0.182,53,5890.0
Steady Middle,33,4160.0,0.161,0.306,11.5,22.05,36,8610.0,0.159,23,3610.0
High-Income Investor,57,9460.0,0.32,0.217,6.7,188.13,17,25910.0,0.119,18,6410.0
Budget-Conscious Saver,33,3620.0,0.287,0.228,6.2,22.32,39,2960.0,0.144,6,2220.0
Young Digital Spender,21,2540.0,0.032,0.675,21.6,34.45,35,90.0,0.531,57,2110.0
Steady Middle,31,6860.0,0.192,0.469,8.7,41.4,29,3680.0,0.225,16,5520.0
Credit-Reliant Household,37,3610.0,-0.058,0.411,11.9,18.43,37,130.0,0.613,16,3620.0
Steady Middle,41,7220.0,0.113,0.312,7.0,19.83,31,11970.0,0.141,58,6720.0
Young Digital Spender,24,2870.0,0.029,0.613,26.9,42.7,60,490.0,0.442,9,2990.0
Budget-Conscious Saver,36,4470.0,0.277,0.151,4.4,73.18,36,4880.0,0.023,28,3400.0
Young Digital Spender,27,4050.0,0.029,0.561,12.9,42.44,46,330.0,0.447,45,3890.0
Budget-Conscious Saver,38,6400.0,0.193,0.3,5.5,30.96,22,1020.0,0.139,33,5560.0
Budget-Conscious Saver,37,4180.0,0.331,0.223,5.1,65.38,35,1950.0,0.236,26,3000.0
Young Digital Spender,23,3740.0,0.073,0.505,22.8,47.1,51,660.0,0.32,45,3390.0
Young Digital Spender,20,3080.0,0.071,0.556,22.5,19.65,48,230.0,0.405,3,2580.0
Steady Middle,36,4070.0,0.138,0.276,9.3,60.28,25,10050.0,0.292,36,3180.0
Credit-Reliant Household,37,4900.0,-0.003,0.447,9.9,71.66,24,20.0,0.993,2,5550.0
High-Income Investor,55,13610.0,0.408,0.486,2.9,92.19,21,89720.0,0.146,9,8880.0
Credit-Reliant Household,53,2850.0,0.038,0.532,7.8,43.75,36,60.0,0.631,11,2730.0
Budget-Conscious Saver,30,3270.0,0.155,0.145,3.5,58.82,9,1960.0,0.226,9,2890.0
Steady Middle,33,4370.0,0.133,0.305,6.2,64.11,38,9870.0,0.375,42,4030.0
Steady Middle,29,6820.0,0.179,0.396,8.1,41.71,23,4790.0,0.263,43,5450.0
High-Income Investor,51,16180.0,0.368,0.45,4.4,191.57,8,59610.0,0.0,37,9910.0
Young Digital Spender,26,3590.0,0.07,0.59,14.6,14.97,55,750.0,0.231,57,3610.0
Steady Middle,38,4380.0,0.088,0.383,9.5,48.65,36,1150.0,0.417,19,4140.0
Young Digital Spender,24,4220.0,0.02,0.541,19.8,26.85,53,340.0,0.242,56,4060.0
Young Digital Spender,22,2690.0,0.052,0.609,27.4,44.63,43,40.0,0.517,41,2600.0
Steady Middle,26,6570.0,0.104,0.458,10.2,64.87,21,9050.0,0.336,39,6770.0
Steady Middle,35,7180.0,0.121,0.416,11.2,41.01,29,8900.0,0.283,43,5720.0
Budget-Conscious Saver,25,4300.0,0.272,0.259,9.4,43.85,34,3600.0,0.164,29,3270.0
Credit-Reliant Household,52,3370.0,-0.06,0.295,13.3,44.85,25,110.0,0.88,16,3240.0
Young Digital Spender,22,2960.0,0.1,0.411,12.6,51.11,61,500.0,0.458,35,2720.0
Steady Middle,27,5000.0,0.157,0.402,9.3,60.79,19,15570.0,0.327,45,4130.0
Steady Middle,42,7290.0,0.18,0.343,8.3,38.11,21,11320.0,0.236,6,6590.0
Young Digital Spender,20,3270.0,0.061,0.489,23.5,62.02,57,210.0,0.38,18,2750.0
Budget-Conscious Saver,32,4840.0,0.138,0.12,5.8,35.43,27,2800.0,0.136,5,3610.0
Young Digital Spender,21,4480.0,0.046,0.569,17.0,57.01,64,260.0,0.151,31,4330.0
Budget-Conscious Saver,32,3140.0,0.317,0.314,6.7,71.04,21,2920.0,0.158,20,1950.0
Steady Middle,28,7770.0,0.123,0.36,4.7,65.64,22,12300.0,0.318,49,7350.0
Steady Middle,38,5660.0,0.123,0.295,6.3,73.14,33,8340.0,0.301,29,5050.0
Credit-Reliant Household,46,3960.0,0.03,0.386,11.4,29.64,29,110.0,0.75,55,3410.0
High-Income Investor,46,8060.0,0.321,0.371,5.3,83.88,29,23620.0,0.151,6,5150.0
Credit-Reliant Household,52,4100.0,-0.059,0.43,7.1,33.63,26,240.0,0.832,32,4500.0
Budget-Conscious Saver,25,5930.0,0.174,0.183,5.4,67.1,25,3550.0,0.154,22,4560.0
High-Income Investor,36,11570.0,0.412,0.285,3.3,162.27,14,42210.0,0.164,41,5950.0
Budget-Conscious Saver,40,3470.0,0.282,0.146,3.6,36.92,26,4230.0,0.218,16,2350.0
Budget-Conscious Saver,37,5690.0,0.303,0.272,9.8,40.58,34,2560.0,0.189,10,4290.0
Young Digital Spender,26,2440.0,0.001,0.602,26.4,20.24,43,320.0,0.41,2,2760.0
Young Digital Spender,21,3870.0,0.098,0.468,12.5,34.5,60,560.0,0.56,1,3920.0
Budget-Conscious Saver,26,5070.0,0.208,0.104,9.9,54.27,33,4180.0,0.069,35,4300.0
Steady Middle,35,7020.0,0.115,0.466,3.1,79.9,19,11680.0,0.149,1,6440.0
Steady Middle,28,7250.0,0.14,0.272,7.7,69.78,22,820.0,0.243,41,6130.0
Budget-Conscious Saver,36,4040.0,0.311,0.301,2.4,53.05,21,1710.0,0.129,4,2420.0
Credit-Reliant Household,33,2860.0,-0.036,0.457,8.5,36.32,21,400.0,0.668,59,3120.0
Budget-Conscious Saver,41,4230.0,0.196,0.229,11.1,75.95,29,1210.0,0.167,42,3390.0
Steady Middle,41,4080.0,0.086,0.325,7.8,83.36,17,3290.0,0.328,23,3620.0
High-Income Investor,44,17480.0,0.302,0.319,4.4,214.81,12,118090.0,0.128,27,13700.0
Budget-Conscious Saver,34,4940.0,0.149,0.183,1.5,55.07,20,650.0,0.052,12,3680.0
Young Digital Spender,25,2760.0,0.068,0.591,29.0,27.87,41,120.0,0.35,49,2800.0
Steady Middle,37,5340.0,0.106,0.378,11.4,71.85,20,10070.0,0.33,20,4200.0
High-Income Investor,41,12320.0,0.245,0.462,4.7,123.7,5,47760.0,0.084,58,9960.0
Budget-Conscious Saver,40,5070.0,0.252,0.295,7.0,47.46,20,1200.0,0.049,31,3480.0
Credit-Reliant Household,51,4270.0,0.023,0.437,9.6,62.02,23,50.0,0.922,5,4070.0
Steady Middle,31,6380.0,0.159,0.187,6.0,57.73,29,7060.0,0.183,2,6040.0
Young Digital Spender,22,3140.0,0.011,0.613,21.9,50.75,59,190.0,0.384,41,2840.0
Credit-Reliant Household,53,3280.0,0.001,0.446,14.5,16.79,36,80.0,0.589,11,3050.0
Credit-Reliant Household,38,4750.0,0.002,0.506,9.1,38.46,27,150.0,0.69,44,5250.0
Young Digital Spender,22,2900.0,-0.008,0.457,15.3,39.77,61,250.0,0.281,3,2520.0
Steady Middle,37,7470.0,0.139,0.344,7.2,81.18,27,3450.0,0.222,57,6400.0
Budget-Conscious Saver,29,3440.0,0.238,0.247,7.4,40.07,27,4650.0,0.222,27,2620.0
Steady Middle,26,6130.0,0.176,0.337,9.3,34.77,25,5710.0,0.375,17,4860.0
Budget-Conscious Saver,41,6380.0,0.297,0.357,5.5,49.65,27,1530.0,0.142,28,4710.0
Young Digital Spender,24,2650.0,0.05,0.604,17.1,26.86,47,190.0,0.415,29,2790.0
Steady Middle,32,6590.0,0.123,0.38,9.4,84.11,24,5730.0,0.323,19,5180.0
Credit-Reliant Household,31,5000.0,-0.007,0.294,7.6,31.51,35,50.0,0.772,47,5190.0
Credit-Reliant Household,37,4600.0,-0.011,0.472,7.6,65.68,18,250.0,0.833,5,3960.0
Steady Middle,47,6600.0,0.185,0.337,4.4,72.38,37,10890.0,0.229,11,5530.0
Steady Middle,33,5000.0,0.115,0.349,4.8,69.15,37,11170.0,0.256,5,4190.0
Steady Middle,39,5730.0,0.135,0.448,13.3,73.88,32,8090.0,0.155,5,5280.0
Budget-Conscious Saver,38,5720.0,0.148,0.291,8.6,56.59,20,3630.0,0.177,47,4270.0
High-Income Investor,51,14200.0,0.25,0.359,5.9,205.34,26,102310.0,0.088,35,11570.0
Young Digital Spender,21,4440.0,-0.065,0.617,29.1,22.67,59,340.0,0.485,20,4330.0
Steady Middle,34,6970.0,0.163,0.328,4.0,55.88,24,8660.0,0.137,17,6210.0
Budget-Conscious Saver,26,3770.0,0.197,0.101,9.1,62.39,30,5880.0,0.245,23,2670.0
Steady Middle,31,4980.0,0.125,0.421,12.5,36.4,39,7550.0,0.27,39,4120.0
Credit-Reliant Household,47,4330.0,-0.015,0.484,6.4,35.74,27,30.0,0.655,31,4180.0
Budget-Conscious Saver,30,5970.0,0.372,0.226,6.4,49.07,16,1210.0,0.272,25,3250.0
Steady Middle,39,7420.0,0.067,0.41,7.8,25.05,25,9490.0,0.361,23,7060.0
Steady Middle,35,5210.0,0.14,0.363,6.3,38.43,33,14760.0,0.286,40,4580.0
Steady Middle,36,4270.0,0.117,0.406,10.9,74.43,41,4630.0,0.231,23,3570.0
Steady Middle,34,4030.0,0.111,0.343,8.1,55.31,11,18190.0,0.363,33,3700.0
Budget-Conscious Saver,25,6500.0,0.332,0.284,7.3,75.64,17,2980.0,0.059,49,4290.0
Steady Middle,39,4010.0,0.167,0.345,6.8,52.05,23,12850.0,0.367,59,3670.0
Budget-Conscious Saver,36,5960.0,0.192,0.193,2.5,53.73,18,2820.0,0.091,25,5220.0
Steady Middle,45,5670.0,0.097,0.393,6.4,58.19,22,6610.0,0.203,39,4560.0
Steady Middle,49,4640.0,0.168,0.313,11.5,73.79,37,5970.0,0.142,13,3880.0
Credit-Reliant Household,34,3020.0,-0.05,0.469,10.0,26.68,51,80.0,0.629,21,3540.0
Young Digital Spender,23,2650.0,-0.022,0.51,23.3,49.92,67,90.0,0.503,31,2400.0
Steady Middle,47,4220.0,0.177,0.268,6.5,64.34,16,5430.0,0.296,24,3220.0
Young Digital Spender,21,4260.0,0.115,0.48,13.9,44.31,59,360.0,0.323,11,3720.0
Young Digital Spender,27,3610.0,0.113,0.651,27.3,43.63,36,240.0,0.41,31,3590.0
Young Digital Spender,27,2430.0,-0.009,0.513,25.6,56.88,39,250.0,0.491,30,2280.0
Credit-Reliant Household,38,3390.0,-0.042,0.442,7.2,39.23,41,300.0,0.725,15,3830.0
Young Digital Spender,22,2790.0,-0.006,0.64,12.0,21.96,69,60.0,0.404,21,2860.0
Credit-Reliant Household,53,3320.0,-0.086,0.483,13.7,17.15,32,200.0,0.637,25,3270.0
Young Digital Spender,26,2490.0,0.058,0.488,12.4,46.21,42,300.0,0.22,38,2570.0
High-Income Investor,56,16330.0,0.291,0.42,3.8,84.08,14,68970.0,0.172,8,10990.0
Budget-Conscious Saver,26,6470.0,0.324,0.206,3.8,51.25,21,4890.0,0.271,45,4770.0
High-Income Investor,47,13040.0,0.278,0.364,2.6,182.38,17,113120.0,0.13,46,9430.0
High-Income Investor,50,16850.0,0.365,0.254,5.7,221.28,9,70330.0,0.176,57,12190.0
Young Digital Spender,25,2400.0,0.053,0.544,23.9,67.11,53,260.0,0.386,57,2250.0
Credit-Reliant Household,33,4470.0,0.017,0.461,10.3,29.61,38,220.0,0.726,41,3880.0
High-Income Investor,42,8420.0,0.262,0.398,3.1,151.89,28,30460.0,0.237,59,6310.0
Budget-Conscious Saver,26,3830.0,0.211,0.248,8.7,54.21,39,3060.0,0.27,58,3140.0
Steady Middle,26,5430.0,0.136,0.354,6.2,77.65,20,3360.0,0.351,28,5260.0
Young Digital Spender,26,2810.0,-0.001,0.663,28.1,37.26,63,150.0,0.43,29,2760.0
Budget-Conscious Saver,38,5500.0,0.134,0.145,6.7,35.65,16,460.0,0.28,45,4720.0
Steady Middle,47,5240.0,0.079,0.292,6.0,45.97,30,6550.0,0.271,7,4250.0
Steady Middle,36,5830.0,0.14,0.402,7.6,40.58,21,5730.0,0.239,32,4410.0
Steady Middle,33,6860.0,0.059,0.3,7.5,47.24,42,4250.0,0.313,37,7320.0
Young Digital Spender,20,3160.0,0.056,0.693,24.5,37.01,65,300.0,0.299,12,2920.0
Steady Middle,31,6830.0,0.152,0.371,6.6,30.12,22,4660.0,0.219,1,5280.0
Steady Middle,30,6340.0,0.116,0.32,9.2,65.44,22,10670.0,0.308,50,6050.0
Steady Middle,35,6120.0,0.085,0.392,9.5,64.16,23,6110.0,0.399,14,6280.0
Credit-Reliant Household,54,4690.0,-0.004,0.419,11.8,51.42,14,270.0,0.718,44,4800.0
Young Digital Spender,22,2830.0,0.005,0.73,22.0,17.67,65,500.0,0.383,42,2830.0
Steady Middle,30,5050.0,0.175,0.253,6.6,76.52,40,4700.0,0.22,56,4180.0
Steady Middle,31,7520.0,0.08,0.3,8.1,82.51,32,3160.0,0.114,53,5930.0
Budget-Conscious Saver,35,6130.0,0.259,0.262,8.1,54.86,21,930.0,0.21,45,5200.0
Young Digital Spender,21,2810.0,0.073,0.662,25.0,24.39,50,260.0,0.46,40,2300.0
Steady Middle,47,4590.0,0.19,0.332,5.1,55.69,43,7850.0,0.176,18,3500.0
Credit-Reliant Household,40,4970.0,0.024,0.442,13.9,33.47,35,350.0,0.714,27,4160.0
High-Income Investor,55,14360.0,0.361,0.297,9.0,159.93,7,22120.0,0.045,47,10230.0
High-Income Investor,55,15480.0,0.355,0.212,5.7,199.82,10,57320.0,0.159,46,8510.0
Credit-Reliant Household,43,4190.0,-0.001,0.425,8.5,27.94,49,370.0,0.854,34,4430.0
Young Digital Spender,24,3790.0,-0.014,0.635,15.6,43.04,62,170.0,0.189,47,4120.0
Credit-Reliant Household,44,2590.0,-0.049,0.499,11.6,48.27,37,100.0,0.826,13,2750.0
Budget-Conscious Saver,37,3430.0,0.254,0.209,6.2,37.62,12,2380.0,0.176,14,2420.0
High-Income Investor,38,14880.0,0.204,0.402,10.3,155.09,12,24330.0,0.041,29,11240.0
Young Digital Spender,21,4490.0,0.064,0.447,24.0,19.96,52,240.0,0.442,41,3760.0
Credit-Reliant Household,41,4350.0,-0.044,0.426,10.8,50.86,33,100.0,0.631,37,5000.0
Credit-Reliant Household,38,4080.0,0.043,0.412,12.5,10.12,30,70.0,0.704,11,3430.0
High-Income Investor,37,16350.0,0.259,0.271,5.3,186.82,20,36810.0,0.0,51,13370.0
Young Digital Spender,20,2300.0,0.026,0.508,23.0,39.31,40,0.0,0.206,20,2080.0
High-Income Investor,48,9510.0,0.184,0.347,6.5,93.08,16,19720.0,0.197,17,8600.0
Steady Middle,48,7530.0,0.168,0.351,8.5,51.81,36,7960.0,0.145,20,5700.0
Steady Middle,35,4370.0,0.214,0.393,9.7,79.42,24,2270.0,0.243,18,3800.0
High-Income Investor,47,15450.0,0.285,0.354,1.2,98.04,15,66680.0,0.068,59,11190.0
Young Digital Spender,25,3580.0,-0.019,0.614,22.4,50.75,45,290.0,0.496,17,3690.0
Steady Middle,48,5300.0,0.144,0.315,12.3,39.21,42,2260.0,0.348,44,3860.0
Steady Middle,48,4410.0,0.116,0.344,8.3,79.05,36,8070.0,0.366,25,4160.0
Young Digital Spender,24,3650.0,0.035,0.551,16.1,30.55,61,150.0,0.543,12,3810.0
Steady Middle,41,6780.0,0.055,0.325,5.0,80.86,29,1220.0,0.328,57,5720.0
Budget-Conscious Saver,25,5450.0,0.329,0.35,5.1,48.65,17,1030.0,0.281,21,3920.0
Credit-Reliant Household,40,4560.0,-0.003,0.399,12.6,22.82,23,190.0,0.816,4,3910.0
Steady Middle,27,5920.0,0.187,0.393,6.1,54.68,38,1230.0,0.546,24,4450.0
Steady Middle,37,4020.0,0.174,0.327,11.9,53.94,21,8990.0,0.191,20,3640.0
Credit-Reliant Household,33,3550.0,0.02,0.291,11.6,34.33,28,230.0,0.991,3,3390.0
Credit-Reliant Household,51,3570.0,-0.048,0.383,7.9,32.88,37,140.0,0.857,42,3220.0
Steady Middle,46,5310.0,0.104,0.387,10.5,56.78,35,12250.0,0.133,49,4640.0
Budget-Conscious Saver,26,3470.0,0.242,0.284,11.4,46.68,20,1360.0,0.219,29,2370.0
Budget-Conscious Saver,25,4730.0,0.339,0.27,4.3,60.9,29,1330.0,0.188,26,3220.0
Young Digital Spender,22,4240.0,-0.006,0.426,22.4,16.63,69,500.0,0.21,40,3750.0
Budget-Conscious Saver,32,5120.0,0.213,0.199,9.8,58.95,11,640.0,0.227,33,3570.0
Budget-Conscious Saver,25,3880.0,0.221,0.17,6.3,76.26,18,6730.0,0.199,20,3180.0
Young Digital Spender,22,2750.0,0.036,0.447,16.2,29.5,63,230.0,0.544,36,2300.0
Young Digital Spender,22,2840.0,0.06,0.675,19.0,40.66,60,90.0,0.478,13,2900.0
Credit-Reliant Household,34,3680.0,0.011,0.377,7.6,72.18,47,200.0,0.976,52,3390.0
Young Digital Spender,25,2870.0,0.034,0.597,25.6,35.88,37,220.0,0.537,36,2840.0
Young Digital Spender,23,4120.0,-0.005,0.549,18.3,47.63,60,10.0,0.446,18,4620.0
Young Digital Spender,25,3170.0,0.062,0.729,21.6,35.25,64,30.0,0.277,44,2700.0
Credit-Reliant Household,37,2710.0,0.04,0.373,12.9,36.06,22,160.0,0.587,38,2850.0
High-Income Investor,39,14670.0,0.237,0.259,4.4,158.43,19,22120.0,0.0,52,9760.0
Steady Middle,36,4950.0,0.127,0.349,9.4,66.33,41,3340.0,0.296,10,4450.0
Budget-Conscious Saver,39,6280.0,0.312,0.114,12.4,54.6,23,2600.0,0.052,3,4730.0
Young Digital Spender,22,3850.0,0.068,0.621,18.9,44.35,53,210.0,0.455,37,3950.0
Young Digital Spender,26,2200.0,0.063,0.483,18.1,49.75,56,50.0,0.402,31,1980.0
Young Digital Spender,25,4380.0,0.062,0.717,10.5,40.79,42,620.0,0.54,48,4530.0
Credit-Reliant Household,31,3560.0,0.052,0.522,5.0,20.99,39,20.0,0.736,55,3250.0
Credit-Reliant Household,36,2880.0,-0.006,0.471,7.2,43.51,30,100.0,0.637,12,3190.0
Budget-Conscious Saver,34,5420.0,0.253,0.242,7.5,57.78,21,3300.0,0.254,14,3790.0
High-Income Investor,38,8840.0,0.367,0.273,3.6,115.54,25,41460.0,0.16,31,5120.0
Credit-Reliant Household,50,4600.0,0.065,0.389,8.2,57.75,26,170.0,0.847,5,3710.0
Budget-Conscious Saver,34,3720.0,0.286,0.123,11.5,66.73,35,2690.0,0.11,20,2610.0
Steady Middle,32,6740.0,0.192,0.387,12.5,19.89,33,11670.0,0.241,39,6160.0
Budget-Conscious Saver,25,5060.0,0.343,0.256,10.2,71.53,29,3670.0,0.211,26,3600.0
Steady Middle,26,6120.0,0.134,0.308,6.4,64.93,27,2280.0,0.236,32,5670.0
Steady Middle,49,7520.0,0.078,0.286,8.7,70.93,35,12970.0,0.264,10,6270.0
Steady Middle,43,6320.0,0.091,0.36,11.0,61.42,40,6990.0,0.303,45,6020.0
Young Digital Spender,21,2470.0,0.008,0.681,30.6,28.68,45,130.0,0.364,37,2420.0
High-Income Investor,35,11220.0,0.262,0.303,6.0,168.29,11,94200.0,0.052,10,8630.0
Steady Middle,31,7330.0,0.142,0.346,11.3,44.7,42,1360.0,0.258,52,6130.0
Credit-Reliant Household,32,4560.0,0.002,0.442,6.5,46.39,25,0.0,0.73,13,5020.0
Steady Middle,36,5460.0,0.156,0.364,6.2,72.4,41,10610.0,0.113,24,4000.0
Young Digital Spender,26,3470.0,0.065,0.596,13.4,31.24,47,240.0,0.404,59,3090.0
High-Income Investor,44,12200.0,0.383,0.301,3.4,152.35,10,48760.0,0.113,25,7200.0
High-Income Investor,49,10460.0,0.387,0.341,8.5,195.5,16,115140.0,0.009,57,7370.0
Steady Middle,44,5390.0,0.051,0.396,12.5,80.54,38,4990.0,0.43,11,4460.0
Budget-Conscious Saver,28,6120.0,0.2,0.244,5.5,48.56,21,7470.0,0.053,44,5150.0
Young Digital Spender,25,2970.0,0.043,0.458,15.7,49.09,51,440.0,0.546,57,2790.0
Young Digital Spender,25,3190.0,0.014,0.593,11.3,37.89,63,40.0,0.584,30,2850.0
Steady Middle,42,7330.0,0.091,0.356,9.3,25.4,42,8410.0,0.424,7,7090.0
Young Digital Spender,24,2820.0,-0.005,0.615,9.3,48.55,56,600.0,0.346,37,3040.0
Budget-Conscious Saver,31,5530.0,0.216,0.098,5.5,32.77,25,980.0,0.172,33,4370.0
Steady Middle,36,5100.0,0.133,0.323,8.5,67.65,35,18650.0,0.249,42,4050.0
Budget-Conscious Saver,32,4730.0,0.327,0.166,7.2,28.64,20,2530.0,0.165,48,3610.0
Credit-Reliant Household,35,4290.0,-0.026,0.299,10.5,25.94,21,310.0,0.566,20,4110.0
Young Digital Spender,24,3360.0,0.092,0.452,23.9,24.54,44,190.0,0.365,11,3300.0
Budget-Conscious Saver,37,5350.0,0.271,0.151,5.8,50.61,18,420.0,0.174,37,3520.0
Steady Middle,47,6840.0,0.091,0.261,9.1,89.91,24,8820.0,0.311,21,7000.0
Young Digital Spender,26,3140.0,0.072,0.666,10.3,34.05,61,370.0,0.473,11,3160.0
Credit-Reliant Household,29,4570.0,0.056,0.388,10.2,55.45,23,270.0,0.938,46,4420.0
Budget-Conscious Saver,27,5510.0,0.224,0.226,7.5,86.28,22,680.0,0.176,50,4550.0
Young Digital Spender,26,3300.0,0.027,0.502,10.6,51.55,46,260.0,0.521,28,3580.0
Young Digital Spender,22,2470.0,0.045,0.578,15.1,47.04,54,60.0,0.502,53,2190.0
Budget-Conscious Saver,41,5560.0,0.252,0.055,8.2,62.2,42,2050.0,0.109,49,3570.0
Steady Middle,45,5680.0,0.054,0.304,5.6,62.29,19,4190.0,0.203,30,4810.0
Young Digital Spender,22,2230.0,0.067,0.519,18.5,31.33,64,180.0,0.373,38,2370.0
Young Digital Spender,21,2810.0,0.035,0.654,19.1,51.45,67,680.0,0.162,54,2870.0
High-Income Investor,41,16070.0,0.307,0.312,9.7,70.39,20,125910.0,0.072,25,11490.0
High-Income Investor,53,9570.0,0.241,0.307,5.8,114.76,20,16820.0,0.041,12,6400.0
High-Income Investor,40,9350.0,0.216,0.295,7.0,96.11,13,40790.0,0.071,4,6920.0
Steady Middle,42,6050.0,0.211,0.308,7.8,30.66,31,11380.0,0.33,57,4490.0
Young Digital Spender,23,2690.0,-0.02,0.71,17.7,55.58,61,320.0,0.485,22,2630.0
Budget-Conscious Saver,38,6420.0,0.228,0.12,6.0,69.78,19,3300.0,0.271,47,4850.0
Credit-Reliant Household,36,4860.0,0.024,0.409,5.2,23.36,29,180.0,0.769,10,4830.0
Steady Middle,31,7220.0,0.125,0.42,5.3,34.21,24,23160.0,0.19,1,6960.0
Budget-Conscious Saver,37,5060.0,0.138,0.189,7.9,59.05,33,990.0,0.237,15,4150.0
Young Digital Spender,24,3250.0,0.02,0.685,25.4,32.6,51,200.0,0.196,34,3410.0
Steady Middle,36,4580.0,0.127,0.368,10.7,55.69,21,7850.0,0.268,15,3470.0
High-Income Investor,54,14830.0,0.322,0.265,8.2,152.42,18,109690.0,0.061,1,10220.0
Steady Middle,42,6030.0,0.136,0.451,8.3,61.48,30,4260.0,0.32,16,4830.0
Young Digital Spender,26,4350.0,-0.002,0.625,30.2,47.73,63,640.0,0.317,46,4830.0
Budget-Conscious Saver,28,6320.0,0.238,0.09,1.8,75.85,26,1780.0,0.283,21,4390.0
Steady Middle,37,5340.0,0.141,0.461,6.1,77.99,41,13660.0,0.343,59,5210.0
Young Digital Spender,23,4250.0,0.072,0.562,16.3,22.23,46,100.0,0.324,53,3990.0
Credit-Reliant Household,40,2580.0,-0.033,0.33,11.1,48.64,40,220.0,0.59,30,3020.0
Budget-Conscious Saver,25,6160.0,0.254,0.286,7.3,67.07,17,590.0,0.124,19,4280.0
Steady Middle,46,4140.0,0.175,0.236,11.2,71.94,18,8450.0,0.266,55,3760.0
High-Income Investor,39,14580.0,0.201,0.403,4.4,99.02,11,27610.0,0.099,34,11630.0
Steady Middle,43,6210.0,0.109,0.356,10.5,44.71,30,5790.0,0.363,34,6360.0
Credit-Reliant Household,49,4210.0,0.005,0.412,10.5,37.55,40,300.0,0.712,18,4520.0
Young Digital Spender,26,2800.0,0.015,0.676,19.1,51.44,62,310.0,0.451,51,2560.0
Young Digital Spender,25,2410.0,0.04,0.512,24.8,32.46,65,500.0,0.453,19,2560.0
Young Digital Spender,20,4080.0,0.024,0.544,25.1,29.62,77,640.0,0.241,47,3740.0
Budget-Conscious Saver,35,6300.0,0.353,0.175,4.6,61.79,28,1860.0,0.07,8,4150.0
Budget-Conscious Saver,32,5640.0,0.19,0.226,5.5,38.61,16,2640.0,0.198,46,4100.0
Young Digital Spender,20,2980.0,0.061,0.601,14.2,19.64,40,80.0,0.355,23,2860.0
Young Digital Spender,23,3630.0,0.033,0.578,22.0,31.06,48,190.0,0.425,52,3780.0
Steady Middle,35,6740.0,0.064,0.275,10.0,61.47,34,9820.0,0.129,59,6500.0
Steady Middle,30,5580.0,0.086,0.37,8.8,59.64,22,3190.0,0.245,5,5800.0
Steady Middle,44,7010.0,0.146,0.379,7.8,68.71,31,2490.0,0.276,5,6050.0
Young Digital Spender,22,4230.0,0.0,0.6,19.4,37.79,61,70.0,0.346,14,3830.0
Steady Middle,44,4220.0,0.072,0.254,5.3,75.75,28,3630.0,0.317,57,4270.0
High-Income Investor,43,14450.0,0.393,0.401,3.9,115.58,23,69630.0,0.071,18,8100.0
Budget-Conscious Saver,36,6140.0,0.215,0.224,5.5,40.13,16,3540.0,0.194,27,5230.0
Steady Middle,32,4940.0,0.107,0.321,6.6,38.01,19,11550.0,0.405,34,4160.0
Young Digital Spender,20,2360.0,0.096,0.586,15.5,47.67,52,560.0,0.399,33,2090.0
Credit-Reliant Household,35,3170.0,-0.014,0.401,4.0,65.56,51,110.0,0.762,58,3420.0
Steady Middle,42,5370.0,0.129,0.306,6.8,63.79,25,7920.0,0.302,35,5010.0
Budget-Conscious Saver,41,3010.0,0.382,0.251,5.2,46.79,36,3280.0,0.311,46,1870.0
Steady Middle,42,7210.0,0.119,0.415,1.8,44.41,25,8600.0,0.251,21,5770.0
Young Digital Spender,20,2480.0,0.035,0.551,14.1,39.37,42,350.0,0.307,51,2670.0
Steady Middle,42,6110.0,0.168,0.479,7.9,69.74,38,8040.0,0.271,45,4700.0
High-Income Investor,52,12300.0,0.366,0.28,5.1,78.28,21,97740.0,0.091,34,8410.0
Steady Middle,48,7290.0,0.147,0.417,8.9,41.66,19,11740.0,0.399,37,5580.0
Budget-Conscious Saver,35,4950.0,0.352,0.339,4.5,69.13,29,1810.0,0.154,4,3530.0
Steady Middle,37,4170.0,0.222,0.321,9.3,76.55,26,9490.0,0.355,10,3670.0
Steady Middle,29,7480.0,0.176,0.335,11.5,49.24,24,7710.0,0.302,38,5960.0
Steady Middle,38,5460.0,0.173,0.375,9.8,53.96,22,10500.0,0.222,32,4090.0
High-Income Investor,50,10930.0,0.322,0.237,4.5,95.47,18,53070.0,0.098,13,6460.0
Young Digital Spender,20,2720.0,0.048,0.592,23.9,57.78,44,600.0,0.46,47,2280.0
High-Income Investor,49,14040.0,0.324,0.405,7.5,192.75,27,84480.0,0.176,28,9080.0
Young Digital Spender,22,3010.0,0.081,0.601,12.4,70.49,67,190.0,0.399,6,2910.0
Steady Middle,41,5120.0,0.141,0.312,7.6,86.18,38,8840.0,0.258,19,4330.0
High-Income Investor,54,11760.0,0.262,0.417,6.8,102.81,13,56930.0,0.026,18,9920.0
Budget-Conscious Saver,41,4260.0,0.21,0.152,6.9,38.37,21,1190.0,0.095,49,3650.0
Young Digital Spender,26,3420.0,0.064,0.607,15.1,23.19,63,120.0,0.173,20,3030.0
Young Digital Spender,24,3370.0,0.05,0.494,25.6,13.84,64,280.0,0.524,56,2860.0
Young Digital Spender,20,3100.0,0.003,0.652,26.0,25.41,53,30.0,0.321,20,2660.0
Steady Middle,49,7980.0,0.127,0.362,11.8,70.01,18,8670.0,0.262,12,6600.0
Young Digital Spender,22,3250.0,0.047,0.562,21.1,45.59,61,290.0,0.552,10,3490.0
Budget-Conscious Saver,29,5250.0,0.273,0.259,10.3,12.66,28,3470.0,0.194,35,3610.0
Steady Middle,42,5680.0,0.091,0.35,8.3,42.02,37,7720.0,0.395,59,5770.0
Steady Middle,44,4150.0,0.16,0.355,6.0,53.07,28,1440.0,0.32,32,3980.0
Young Digital Spender,23,2470.0,0.009,0.632,17.6,51.24,49,290.0,0.357,22,2170.0
Credit-Reliant Household,41,3000.0,-0.047,0.307,10.9,48.67,36,30.0,0.857,55,2770.0
Budget-Conscious Saver,39,4710.0,0.314,0.135,8.1,62.56,13,3020.0,0.137,12,3070.0
High-Income Investor,56,9160.0,0.282,0.305,4.9,150.71,17,58060.0,0.086,27,5830.0
Credit-Reliant Household,30,4980.0,-0.034,0.402,11.0,42.88,23,240.0,0.921,10,4650.0
Budget-Conscious Saver,40,4240.0,0.327,0.307,8.4,48.73,34,6570.0,0.182,3,3190.0
Young Digital Spender,21,2480.0,0.028,0.639,10.6,48.93,69,150.0,0.457,22,2420.0
Budget-Conscious Saver,40,5870.0,0.309,0.197,8.1,51.34,35,3450.0,0.129,59,4320.0
Young Digital Spender,20,3550.0,0.088,0.524,17.8,33.47,42,290.0,0.262,59,3380.0
High-Income Investor,35,14870.0,0.247,0.397,2.9,117.8,18,54260.0,0.076,51,10490.0
Budget-Conscious Saver,30,5220.0,0.289,0.25,4.3,67.75,20,5180.0,0.191,31,3480.0
Steady Middle,39,4680.0,0.122,0.373,5.5,35.87,24,10470.0,0.263,11,4700.0
Credit-Reliant Household,37,4590.0,0.048,0.463,4.0,26.89,44,10.0,0.645,6,4560.0
Young Digital Spender,26,3490.0,0.078,0.557,24.7,24.34,61,110.0,0.211,45,3410.0
High-Income Investor,48,16450.0,0.37,0.442,5.8,203.89,29,20570.0,0.002,46,10290.0
Steady Middle,29,4040.0,0.134,0.462,6.5,54.43,27,5010.0,0.194,5,3910.0
Budget-Conscious Saver,38,5340.0,0.27,0.294,10.1,51.83,16,1900.0,0.06,16,3760.0
Young Digital Spender,27,3650.0,0.067,0.566,13.8,40.33,61,240.0,0.527,26,2980.0
Steady Middle,26,6830.0,0.142,0.226,6.8,84.99,39,13340.0,0.181,37,6060.0
Budget-Conscious Saver,39,5400.0,0.256,0.324,10.4,70.84,15,820.0,0.136,7,4560.0
Credit-Reliant Household,34,4010.0,-0.006,0.282,12.7,38.01,18,130.0,0.865,9,4440.0
Steady Middle,35,5180.0,0.167,0.33,10.2,88.14,26,9210.0,0.361,21,3750.0
High-Income Investor,49,14720.0,0.314,0.414,0.8,143.96,13,75540.0,0.017,16,8780.0
Young Digital Spender,22,2940.0,0.088,0.474,14.0,37.42,35,120.0,0.467,13,2800.0
Budget-Conscious Saver,38,4010.0,0.277,0.304,5.2,73.88,28,3460.0,0.089,25,3120.0
Young Digital Spender,27,3500.0,0.043,0.578,26.5,41.56,60,220.0,0.344,26,3340.0
Steady Middle,27,6310.0,0.148,0.355,9.6,77.31,40,5030.0,0.167,2,5310.0
Young Digital Spender,20,3900.0,0.055,0.46,14.6,41.21,40,100.0,0.336,17,3540.0
Budget-Conscious Saver,29,5590.0,0.297,0.259,6.0,58.22,23,6870.0,0.258,51,3840.0
Credit-Reliant Household,48,2780.0,-0.046,0.375,15.4,31.68,28,60.0,0.807,49,2990.0
Credit-Reliant Household,51,4750.0,0.031,0.36,8.6,44.98,35,210.0,0.773,50,4620.0
High-Income Investor,45,17730.0,0.136,0.281,4.7,104.89,15,65090.0,0.011,38,13250.0
Young Digital Spender,20,4260.0,0.092,0.643,21.3,11.13,38,40.0,0.545,34,3330.0
Young Digital Spender,26,2740.0,0.077,0.59,30.5,30.63,43,120.0,0.227,8,2260.0
Young Digital Spender,25,4440.0,0.078,0.579,18.3,18.42,60,100.0,0.523,13,3940.0
Steady Middle,28,5640.0,0.128,0.353,7.8,62.72,34,1100.0,0.168,28,4600.0
Credit-Reliant Household,32,4630.0,-0.039,0.35,9.9,18.71,41,320.0,0.713,55,4770.0
Steady Middle,26,4900.0,0.056,0.363,6.8,53.5,20,7920.0,0.183,3,4340.0
Credit-Reliant Household,41,3380.0,-0.015,0.298,6.9,20.43,35,130.0,0.899,17,3650.0
Credit-Reliant Household,38,2960.0,-0.063,0.426,12.0,49.94,39,270.0,0.727,3,3080.0
Young Digital Spender,23,4140.0,0.103,0.675,20.2,31.32,35,520.0,0.327,39,4110.0
High-Income Investor,46,11900.0,0.339,0.412,5.8,165.79,11,47570.0,0.083,34,6810.0
High-Income Investor,53,11660.0,0.305,0.321,2.9,120.7,10,101060.0,0.039,55,7820.0
Steady Middle,42,7490.0,0.215,0.318,10.1,88.78,30,14770.0,0.352,17,6490.0
Credit-Reliant Household,53,3210.0,-0.042,0.336,10.1,54.77,47,120.0,0.78,41,3650.0
High-Income Investor,37,9510.0,0.257,0.392,4.6,185.78,7,91240.0,0.0,15,6020.0
High-Income Investor,51,16110.0,0.341,0.353,4.7,61.08,22,146340.0,0.075,33,11370.0
Budget-Conscious Saver,35,3750.0,0.226,0.229,8.4,52.79,32,580.0,0.276,18,2820.0
Young Digital Spender,20,4240.0,0.02,0.539,26.2,35.38,49,50.0,0.347,5,4060.0
Budget-Conscious Saver,39,3940.0,0.179,0.295,2.1,32.05,17,3020.0,0.266,43,3020.0
Steady Middle,30,5890.0,0.163,0.289,9.8,84.67,20,11670.0,0.272,22,4970.0
Steady Middle,47,5310.0,0.069,0.249,7.3,99.14,26,1720.0,0.321,35,5340.0
Steady Middle,28,7440.0,0.026,0.411,5.4,55.49,20,9470.0,0.193,29,7460.0
Steady Middle,28,5910.0,0.12,0.38,8.1,78.58,25,1330.0,0.17,27,5720.0
Steady Middle,49,6660.0,0.118,0.279,6.1,81.35,37,3270.0,0.194,16,6190.0
Steady Middle,31,7850.0,0.184,0.41,7.2,81.42,36,11810.0,0.227,22,5600.0
Young Digital Spender,23,3140.0,0.048,0.407,21.7,55.17,46,350.0,0.383,5,2550.0
Young Digital Spender,21,2980.0,0.052,0.537,30.5,40.99,49,870.0,0.411,16,2770.0
Steady Middle,49,4070.0,0.162,0.315,11.0,72.97,18,8420.0,0.293,44,3770.0
Credit-Reliant Household,31,2920.0,-0.0,0.411,7.1,46.37,26,130.0,0.728,16,2580.0
High-Income Investor,47,14370.0,0.174,0.378,9.3,166.04,16,38110.0,0.073,33,12150.0
Steady Middle,40,5000.0,0.094,0.337,9.1,81.3,32,7780.0,0.218,2,5170.0
High-Income Investor,39,17900.0,0.254,0.424,5.6,174.57,21,116640.0,0.114,46,13600.0
Steady Middle,28,7600.0,0.09,0.29,11.7,67.85,18,13700.0,0.409,28,7390.0
Budget-Conscious Saver,31,4380.0,0.305,0.135,7.3,30.46,28,1280.0,0.216,11,3100.0
Budget-Conscious Saver,34,3320.0,0.318,0.175,7.1,62.32,33,1500.0,0.055,16,2540.0
High-Income Investor,49,9930.0,0.216,0.396,5.6,166.95,11,65340.0,0.112,4,7680.0
Budget-Conscious Saver,25,3910.0,0.384,0.146,4.7,27.57,43,450.0,0.227,1,2580.0
Steady Middle,47,5690.0,0.17,0.405,6.6,90.37,31,3500.0,0.255,38,5310.0
Credit-Reliant Household,40,4990.0,0.05,0.391,6.5,44.44,32,260.0,0.952,57,4080.0
Steady Middle,43,5410.0,0.208,0.337,7.4,38.16,37,5570.0,0.379,2,4010.0
Steady Middle,28,5200.0,0.161,0.345,6.6,63.67,38,6470.0,0.433,49,4720.0
Budget-Conscious Saver,30,3050.0,0.234,0.152,10.4,66.14,16,4140.0,0.226,13,2350.0
Budget-Conscious Saver,36,4890.0,0.292,0.261,5.6,37.07,14,2470.0,0.202,2,3200.0
Budget-Conscious Saver,30,3100.0,0.231,0.236,8.1,38.08,15,2380.0,0.061,49,2250.0
High-Income Investor,46,14940.0,0.383,0.292,6.4,142.33,16,60630.0,0.097,47,8870.0
Credit-Reliant Household,31,3220.0,0.059,0.445,10.4,47.97,30,100.0,0.756,35,2600.0
Steady Middle,39,5700.0,0.068,0.309,6.8,70.67,37,7330.0,0.143,45,4560.0
Steady Middle,46,7440.0,0.124,0.362,5.7,82.12,28,2710.0,0.293,17,6620.0
Young Digital Spender,26,3530.0,0.016,0.619,22.8,60.26,58,470.0,0.463,45,3060.0
Credit-Reliant Household,36,2510.0,-0.074,0.479,12.3,30.49,27,250.0,0.734,52,2810.0
High-Income Investor,44,14270.0,0.311,0.379,6.3,206.82,15,53790.0,0.013,14,10510.0
Budget-Conscious Saver,41,5910.0,0.21,0.299,5.2,35.94,31,2340.0,0.277,29,4350.0
Young Digital Spender,26,3280.0,0.046,0.529,13.3,10.87,50,380.0,0.287,19,2710.0
Budget-Conscious Saver,36,3050.0,0.258,0.137,9.3,80.32,24,5040.0,0.15,17,2000.0
Budget-Conscious Saver,37,3810.0,0.253,0.132,10.4,57.54,34,2000.0,0.204,33,3030.0
High-Income Investor,56,9990.0,0.39,0.195,4.4,194.51,10,58700.0,0.159,14,6620.0
Young Digital Spender,27,4300.0,0.027,0.512,21.6,68.05,44,200.0,0.468,55,4300.0
Steady Middle,40,4110.0,0.111,0.367,9.7,73.13,21,11450.0,0.302,37,3750.0
Steady Middle,49,6010.0,0.146,0.387,9.4,70.61,17,1750.0,0.194,25,5690.0
Budget-Conscious Saver,33,5110.0,0.181,0.291,4.5,61.42,22,5340.0,0.122,15,4220.0
Credit-Reliant Household,41,3390.0,-0.05,0.463,12.3,20.4,37,300.0,0.607,2,3410.0
Young Digital Spender,22,4480.0,0.013,0.569,15.3,43.82,54,180.0,0.306,36,4360.0
Steady Middle,26,6150.0,0.171,0.275,4.9,38.93,21,8540.0,0.237,2,4660.0
Budget-Conscious Saver,39,5970.0,0.326,0.202,10.0,19.87,33,2070.0,0.185,48,3640.0
Budget-Conscious Saver,41,6090.0,0.339,0.143,7.3,75.86,25,1060.0,0.02,27,3870.0
Steady Middle,36,6650.0,0.22,0.385,7.1,71.68,28,11220.0,0.233,52,5830.0
Young Digital Spender,25,3420.0,0.093,0.606,24.4,28.49,60,170.0,0.28,3,3410.0
Credit-Reliant Household,44,2600.0,-0.038,0.338,11.8,55.27,16,110.0,0.796,39,2980.0
Steady Middle,39,6930.0,0.091,0.347,13.9,53.82,40,4010.0,0.249,32,7170.0
Young Digital Spender,27,3480.0,0.025,0.504,13.6,60.77,42,80.0,0.528,19,3790.0
Steady Middle,41,5510.0,0.139,0.336,10.0,48.17,38,3140.0,0.413,57,5390.0
Steady Middle,33,7430.0,0.19,0.465,4.8,97.59,34,5790.0,0.34,31,6830.0
Young Digital Spender,22,2670.0,0.034,0.506,24.1,42.16,39,360.0,0.499,8,2660.0
Steady Middle,26,6440.0,0.189,0.368,9.7,39.9,26,5280.0,0.281,43,5100.0
Credit-Reliant Household,31,3890.0,0.0,0.336,10.7,45.79,25,160.0,0.718,10,4150.0
Young Digital Spender,26,2590.0,0.063,0.64,28.5,53.77,59,380.0,0.377,44,2140.0
Young Digital Spender,26,3090.0,0.062,0.484,20.3,15.59,60,320.0,0.302,48,3290.0
High-Income Investor,37,12710.0,0.22,0.461,6.2,152.89,6,16880.0,0.012,32,10240.0
Budget-Conscious Saver,39,4860.0,0.266,0.268,8.6,59.69,16,1040.0,0.164,3,3090.0
High-Income Investor,43,11510.0,0.331,0.422,8.0,197.01,22,36710.0,0.005,42,7070.0
Steady Middle,40,5290.0,0.105,0.352,7.4,69.04,31,9100.0,0.238,58,5370.0
Budget-Conscious Saver,31,6020.0,0.183,0.207,4.3,59.34,27,3260.0,0.155,8,5620.0
Steady Middle,46,7320.0,0.139,0.399,3.3,83.81,22,9530.0,0.316,55,5390.0
Steady Middle,42,7810.0,0.17,0.325,7.0,65.34,25,7430.0,0.188,48,6040.0
Young Digital Spender,23,2840.0,0.023,0.51,27.3,51.89,63,40.0,0.556,34,2840.0
Young Digital Spender,26,2880.0,0.036,0.606,16.5,47.42,70,160.0,0.24,14,2430.0
Steady Middle,43,7650.0,0.107,0.259,7.1,101.88,17,2710.0,0.273,33,7850.0
High-Income Investor,47,9290.0,0.274,0.315,4.3,170.62,26,18640.0,0.067,5,6630.0
Credit-Reliant Household,46,4900.0,0.015,0.339,7.6,38.82,30,140.0,0.615,21,5420.0
Steady Middle,46,7540.0,0.119,0.356,9.2,66.39,26,8640.0,0.206,2,7210.0
Steady Middle,28,4360.0,0.091,0.282,6.5,50.3,33,7350.0,0.333,11,3440.0
High-Income Investor,53,17330.0,0.257,0.422,2.9,177.34,12,40030.0,0.056,22,11810.0
Credit-Reliant Household,33,4700.0,0.079,0.333,13.3,55.13,25,50.0,0.932,57,4560.0
Budget-Conscious Saver,30,3790.0,0.19,0.188,5.2,43.91,19,3130.0,0.146,48,3220.0
Steady Middle,35,6600.0,0.08,0.336,8.3,75.22,37,9240.0,0.306,51,6390.0
Young Digital Spender,23,3180.0,0.025,0.682,28.2,21.3,30,40.0,0.47,7,2820.0
Young Digital Spender,23,3250.0,0.098,0.533,11.4,54.65,36,170.0,0.316,38,3160.0
Steady Middle,40,5030.0,0.19,0.36,7.1,45.84,28,3720.0,0.309,41,4640.0
Steady Middle,28,5730.0,0.151,0.402,9.2,65.62,24,6800.0,0.306,46,4140.0
Budget-Conscious Saver,29,5880.0,0.347,0.163,9.7,65.46,19,640.0,0.284,37,4310.0
Young Digital Spender,20,3930.0,0.062,0.581,20.8,46.39,62,140.0,0.237,51,3310.0
Budget-Conscious Saver,40,4260.0,0.239,0.17,7.6,47.41,33,3080.0,0.278,42,3560.0
Credit-Reliant Household,43,4620.0,-0.041,0.325,6.2,41.01,30,30.0,0.626,31,4620.0
High-Income Investor,46,12360.0,0.29,0.344,7.5,97.15,18,72780.0,0.154,59,7690.0
High-Income Investor,36,17140.0,0.267,0.212,3.6,209.1,28,31540.0,0.0,28,13890.0
Young Digital Spender,22,2970.0,0.027,0.474,21.4,63.1,44,130.0,0.414,30,2560.0
Credit-Reliant Household,39,3540.0,-0.044,0.443,8.0,27.09,23,100.0,0.701,24,3410.0
High-Income Investor,39,15230.0,0.257,0.478,3.0,105.84,14,113100.0,0.0,25,10630.0
Budget-Conscious Saver,25,5880.0,0.274,0.224,5.8,79.79,18,1020.0,0.179,34,4540.0
Young Digital Spender,25,4330.0,0.06,0.57,21.1,42.7,46,210.0,0.435,18,4030.0
Steady Middle,42,7620.0,0.18,0.4,9.8,68.32,37,11540.0,0.357,4,5950.0
Steady Middle,49,7370.0,0.088,0.311,9.9,60.69,29,5020.0,0.355,50,7470.0
Young Digital Spender,26,3940.0,0.065,0.473,16.8,5.48,32,260.0,0.314,33,3650.0
Steady Middle,28,7740.0,0.089,0.314,4.5,49.72,30,1340.0,0.287,14,6720.0
Budget-Conscious Saver,29,3460.0,0.317,0.218,7.0,84.67,23,2110.0,0.202,39,2200.0
Steady Middle,42,4160.0,0.164,0.417,11.3,72.19,31,4550.0,0.144,15,3310.0
Young Digital Spender,26,2240.0,0.06,0.494,24.4,49.19,62,40.0,0.494,11,1940.0
Young Digital Spender,21,2830.0,0.096,0.605,25.1,9.08,53,440.0,0.502,49,2280.0
Credit-Reliant Household,41,3520.0,0.033,0.373,12.0,38.55,30,240.0,0.757,33,3190.0
Steady Middle,34,6800.0,0.197,0.41,12.1,38.22,27,10670.0,0.258,47,4820.0
Steady Middle,40,5840.0,0.085,0.384,11.5,39.1,39,7480.0,0.241,8,5520.0
Steady Middle,31,5690.0,0.12,0.256,7.3,56.37,29,2520.0,0.282,28,4620.0
Budget-Conscious Saver,33,4750.0,0.31,0.154,10.2,58.64,23,3780.0,0.041,1,3660.0
Young Digital Spender,25,2640.0,0.074,0.567,20.7,63.65,52,120.0,0.264,55,2220.0
Budget-Conscious Saver,31,5900.0,0.214,0.299,5.7,62.53,26,2650.0,0.077,10,3960.0
Steady Middle,47,4110.0,0.116,0.391,6.9,56.98,31,2530.0,0.237,59,3500.0
Budget-Conscious Saver,26,5000.0,0.244,0.223,8.1,59.03,42,2180.0,0.146,46,3940.0
Steady Middle,48,6160.0,0.03,0.417,12.5,108.04,25,8240.0,0.311,38,5330.0
Credit-Reliant Household,48,2920.0,0.069,0.387,7.6,24.87,30,10.0,0.918,7,2510.0
High-Income Investor,55,15900.0,0.374,0.345,6.2,140.14,16,99270.0,0.077,58,8700.0
Steady Middle,36,5240.0,0.095,0.387,4.1,38.05,26,1990.0,0.148,7,4710.0
Credit-Reliant Household,44,2730.0,0.03,0.508,9.6,23.27,37,160.0,0.545,41,2990.0
Budget-Conscious Saver,36,6470.0,0.252,0.275,3.4,30.45,20,2590.0,0.206,3,4450.0
High-Income Investor,49,15420.0,0.38,0.38,7.1,98.73,18,39140.0,0.073,52,9880.0
Steady Middle,37,4070.0,0.153,0.247,10.9,66.16,38,1300.0,0.461,21,3520.0
Budget-Conscious Saver,27,4100.0,0.192,0.277,8.0,68.73,35,1080.0,0.172,32,3000.0
High-Income Investor,46,17260.0,0.372,0.336,5.3,91.45,11,105380.0,0.09,29,12090.0
Young Digital Spender,27,3340.0,0.008,0.621,16.6,59.45,60,50.0,0.274,38,3520.0
Steady Middle,38,7170.0,0.079,0.354,3.3,71.07,23,12710.0,0.263,36,6500.0
Young Digital Spender,26,2990.0,-0.001,0.448,22.5,12.5,42,300.0,0.455,6,2710.0
High-Income Investor,57,11420.0,0.303,0.203,1.4,143.23,24,67350.0,0.153,35,6880.0
Young Digital Spender,23,3650.0,0.058,0.462,25.4,48.56,39,460.0,0.207,11,2930.0
Young Digital Spender,25,4220.0,0.015,0.501,15.9,8.1,44,130.0,0.206,45,4400.0
High-Income Investor,47,8680.0,0.344,0.197,4.9,172.61,23,65410.0,0.156,59,4850.0
Steady Middle,44,6750.0,0.067,0.357,6.9,85.57,24,2850.0,0.314,2,5960.0
Steady Middle,29,4140.0,0.215,0.245,9.5,48.06,43,3450.0,0.345,55,3140.0
Budget-Conscious Saver,37,4950.0,0.309,0.208,5.5,63.88,30,1290.0,0.164,56,2920.0
Budget-Conscious Saver,40,3290.0,0.252,0.168,10.2,59.88,35,3100.0,0.07,29,2690.0
Steady Middle,36,5720.0,0.137,0.38,6.2,33.47,20,1190.0,0.277,59,4950.0
Young Digital Spender,23,3160.0,0.089,0.621,14.5,34.73,42,200.0,0.395,44,2450.0
Budget-Conscious Saver,29,4840.0,0.252,0.174,5.2,78.96,26,2600.0,0.119,39,3100.0
Steady Middle,34,7610.0,0.127,0.4,0.7,68.81,21,1990.0,0.157,41,6930.0
Budget-Conscious Saver,41,5840.0,0.304,0.239,9.3,66.66,15,930.0,0.136,27,4630.0
Steady Middle,31,7750.0,0.093,0.317,13.6,47.95,25,4500.0,0.352,56,6350.0
Budget-Conscious Saver,34,5510.0,0.215,0.214,5.2,33.17,15,920.0,0.134,57,4380.0
Steady Middle,46,5110.0,0.149,0.304,6.0,33.9,22,9310.0,0.164,56,4130.0
Budget-Conscious Saver,27,5570.0,0.25,0.231,5.3,31.07,22,3230.0,0.215,30,4270.0
Steady Middle,44,7280.0,0.094,0.427,4.4,69.67,31,2940.0,0.202,34,5790.0
Steady Middle,47,4120.0,0.163,0.344,7.9,77.03,21,6780.0,0.275,24,3700.0
Budget-Conscious Saver,32,5280.0,0.282,0.251,9.2,16.54,29,2850.0,0.204,45,3330.0
Young Digital Spender,20,2670.0,0.073,0.512,29.5,67.93,59,80.0,0.523,21,2200.0
Credit-Reliant Household,33,3500.0,-0.064,0.442,13.4,29.07,30,250.0,0.946,8,3820.0
Steady Middle,37,4260.0,0.199,0.288,7.1,62.77,32,6710.0,0.385,57,3660.0
Credit-Reliant Household,51,3650.0,-0.012,0.403,8.1,5.0,45,220.0,0.84,39,3580.0
Credit-Reliant Household,31,2990.0,-0.011,0.356,9.5,27.63,33,90.0,0.9,31,3460.0
High-Income Investor,46,12310.0,0.273,0.287,6.8,110.98,27,61140.0,0.167,18,8450.0
High-Income Investor,41,14530.0,0.246,0.29,7.2,179.6,13,28830.0,0.082,41,12070.0
Budget-Conscious Saver,32,4840.0,0.198,0.159,4.0,41.5,25,3610.0,0.194,51,3620.0
Credit-Reliant Household,36,4430.0,-0.01,0.36,9.1,46.1,31,190.0,0.685,51,4970.0
Budget-Conscious Saver,27,5500.0,0.237,0.229,10.1,70.59,26,1270.0,0.09,18,4590.0
Credit-Reliant Household,30,2560.0,-0.035,0.509,12.5,14.74,30,10.0,0.799,50,2340.0
Steady Middle,49,4080.0,0.135,0.352,5.5,69.07,31,17090.0,0.315,1,3740.0
High-Income Investor,43,11000.0,0.385,0.428,3.7,133.79,23,15370.0,0.065,18,7590.0
High-Income Investor,50,10280.0,0.255,0.201,7.3,128.2,14,60070.0,0.154,53,6640.0
Steady Middle,27,7020.0,0.101,0.409,4.7,51.58,36,4610.0,0.286,41,5910.0
Credit-Reliant Household,45,4620.0,-0.059,0.375,13.0,30.93,42,190.0,0.788,21,5180.0
Young Digital Spender,20,2300.0,-0.004,0.608,24.3,44.5,72,120.0,0.371,14,2400.0
Young Digital Spender,27,3040.0,0.017,0.514,28.4,40.18,57,110.0,0.493,16,3120.0
High-Income Investor,56,16680.0,0.334,0.379,3.9,86.67,8,82040.0,0.064,6,12000.0
Steady Middle,34,6090.0,0.151,0.228,8.5,39.05,32,6740.0,0.277,8,5590.0
Young Digital Spender,27,4260.0,0.091,0.68,26.5,59.51,46,450.0,0.354,43,3680.0
Steady Middle,31,5670.0,0.135,0.361,4.9,52.14,28,9230.0,0.317,42,4800.0
Young Digital Spender,23,3710.0,0.015,0.599,23.1,46.11,55,330.0,0.296,42,3220.0
Credit-Reliant Household,52,4890.0,0.051,0.353,7.8,40.19,29,380.0,0.82,10,5060.0
Young Digital Spender,20,4080.0,-0.008,0.596,14.9,21.22,65,420.0,0.317,53,4560.0
Young Digital Spender,20,3440.0,0.062,0.607,31.5,20.32,59,80.0,0.508,33,2850.0
Young Digital Spender,22,3370.0,0.076,0.534,24.5,40.21,62,270.0,0.384,8,3450.0
Credit-Reliant Household,49,3540.0,-0.032,0.533,8.2,33.99,25,400.0,0.929,41,3130.0
Young Digital Spender,21,2890.0,0.057,0.564,19.4,8.12,57,180.0,0.237,40,3030.0
Budget-Conscious Saver,36,4290.0,0.196,0.233,10.5,33.18,20,1900.0,0.226,30,3100.0
Credit-Reliant Household,36,4380.0,-0.062,0.311,14.8,27.14,27,220.0,0.947,27,5080.0
High-Income Investor,43,12690.0,0.333,0.283,3.0,89.85,11,72710.0,0.176,40,7290.0
Steady Middle,46,4980.0,0.203,0.338,11.3,48.83,44,6880.0,0.428,39,4500.0
Young Digital Spender,20,4030.0,0.055,0.672,27.6,22.13,50,470.0,0.272,56,4110.0
Young Digital Spender,25,2320.0,0.127,0.585,29.5,51.04,44,320.0,0.231,1,2100.0
High-Income Investor,52,9050.0,0.259,0.294,3.2,215.78,11,137000.0,0.086,10,7190.0
Credit-Reliant Household,29,2690.0,0.004,0.395,7.2,52.49,24,190.0,0.859,45,2570.0
Young Digital Spender,26,3500.0,0.017,0.693,12.0,55.13,60,310.0,0.243,24,3190.0
Budget-Conscious Saver,34,3240.0,0.319,0.276,6.7,40.0,26,4890.0,0.186,48,2300.0
Budget-Conscious Saver,32,3430.0,0.339,0.209,5.4,83.95,23,1300.0,0.146,55,2170.0
High-Income Investor,42,15190.0,0.195,0.289,3.7,191.79,21,135030.0,0.197,10,12210.0
Steady Middle,45,6790.0,0.105,0.446,7.4,72.77,34,7340.0,0.139,31,6260.0
Budget-Conscious Saver,28,3150.0,0.321,0.198,7.7,43.55,30,5160.0,0.124,9,1900.0
High-Income Investor,49,15950.0,0.409,0.385,5.7,162.9,28,85640.0,0.175,40,8660.0
Budget-Conscious Saver,28,5400.0,0.214,0.219,6.7,64.51,14,2460.0,0.177,50,3890.0
High-Income Investor,46,8290.0,0.171,0.464,1.5,115.25,23,17970.0,0.177,12,6620.0
Budget-Conscious Saver,39,3810.0,0.252,0.21,9.2,58.28,23,5570.0,0.179,1,2780.0
High-Income Investor,53,8050.0,0.232,0.356,7.0,94.06,21,32320.0,0.043,47,5890.0
Young Digital Spender,24,3090.0,0.044,0.565,22.1,47.12,68,290.0,0.54,57,3390.0
High-Income Investor,57,9630.0,0.391,0.35,6.0,84.07,23,92280.0,0.198,12,5490.0
Credit-Reliant Household,50,3850.0,0.019,0.359,10.8,34.7,32,120.0,0.895,33,4110.0
High-Income Investor,44,10240.0,0.185,0.244,6.2,190.17,12,72950.0,0.051,2,7940.0
Credit-Reliant Household,53,4260.0,-0.017,0.463,10.3,37.32,29,20.0,0.797,7,4290.0
High-Income Investor,44,9350.0,0.387,0.401,4.9,120.04,16,108910.0,0.116,41,6030.0
Budget-Conscious Saver,37,3960.0,0.215,0.183,4.9,57.49,18,2730.0,0.198,52,3510.0
High-Income Investor,39,12970.0,0.368,0.492,1.7,89.85,19,13240.0,0.011,2,9180.0
High-Income Investor,35,8020.0,0.336,0.361,6.9,184.65,15,130700.0,0.098,35,5630.0
Budget-Conscious Saver,27,4600.0,0.374,0.231,3.5,68.72,11,1800.0,0.185,36,2530.0
Budget-Conscious Saver,35,4860.0,0.289,0.158,10.6,51.03,29,1720.0,0.068,23,3060.0
Steady Middle,45,4450.0,0.074,0.31,10.4,56.72,37,10910.0,0.182,43,4290.0
Young Digital Spender,25,3240.0,0.098,0.448,20.6,36.4,68,300.0,0.365,1,2700.0
Steady Middle,44,5370.0,0.186,0.345,11.3,93.78,28,2180.0,0.294,39,4560.0
Budget-Conscious Saver,34,4890.0,0.255,0.219,8.2,31.68,39,2830.0,0.185,34,3670.0
Young Digital Spender,21,2740.0,0.068,0.545,11.7,35.54,63,190.0,0.479,53,2680.0
High-Income Investor,44,10950.0,0.254,0.371,3.0,191.01,10,100830.0,0.211,13,6980.0
Young Digital Spender,22,2240.0,0.01,0.583,13.2,47.52,35,40.0,0.417,42,2140.0
Young Digital Spender,26,3500.0,0.001,0.671,22.1,25.2,49,170.0,0.458,32,3310.0
Young Digital Spender,27,4390.0,0.043,0.536,21.7,35.81,32,240.0,0.428,31,4070.0
Steady Middle,27,7060.0,0.062,0.452,10.0,44.36,34,11420.0,0.074,26,6150.0
Steady Middle,26,5680.0,0.081,0.395,8.3,40.66,24,1480.0,0.228,25,4620.0
Credit-Reliant Household,52,2960.0,0.015,0.332,5.6,55.35,44,30.0,0.662,28,2880.0
Steady Middle,37,6660.0,0.107,0.323,6.5,47.5,34,9310.0,0.401,34,5290.0
High-Income Investor,37,15150.0,0.322,0.442,5.2,193.8,13,42910.0,0.019,13,10420.0
Steady Middle,38,6150.0,0.063,0.31,4.5,47.16,14,6990.0,0.375,3,6400.0
Steady Middle,33,7810.0,0.137,0.401,9.9,52.48,32,3370.0,0.268,24,7230.0
High-Income Investor,49,17350.0,0.206,0.363,7.5,145.78,15,113510.0,0.0,59,15280.0
Steady Middle,45,6530.0,0.055,0.384,8.6,97.61,35,10810.0,0.282,30,6640.0
Credit-Reliant Household,45,4280.0,0.002,0.558,12.2,22.45,40,140.0,0.746,12,4600.0
Budget-Conscious Saver,36,6040.0,0.142,0.175,4.4,37.33,30,1910.0,0.044,35,4740.0
Young Digital Spender,21,3190.0,0.052,0.658,20.9,52.6,60,420.0,0.354,48,2960.0
Young Digital Spender,23,2300.0,0.054,0.512,28.2,47.41,45,420.0,0.476,14,2450.0
Young Digital Spender,22,2360.0,0.06,0.646,20.1,56.48,41,80.0,0.555,16,2120.0
High-Income Investor,53,13270.0,0.4,0.467,7.6,186.19,26,24470.0,0.155,46,8570.0
Young Digital Spender,26,3030.0,0.06,0.475,18.7,29.09,33,210.0,0.568,42,2900.0
Steady Middle,43,4550.0,0.162,0.364,12.0,56.63,12,3970.0,0.152,31,4000.0
Steady Middle,31,7730.0,0.122,0.353,8.1,57.4,39,930.0,0.243,41,6390.0
Steady Middle,26,5570.0,0.19,0.385,5.9,66.02,19,4810.0,0.349,28,5080.0
Young Digital Spender,25,4270.0,0.023,0.482,20.4,39.08,38,480.0,0.341,11,4200.0
Credit-Reliant Household,51,4810.0,-0.035,0.404,10.2,35.47,11,50.0,0.669,8,5020.0
Credit-Reliant Household,54,3190.0,0.081,0.345,15.3,12.29,39,70.0,0.576,5,2510.0
Credit-Reliant Household,54,2980.0,0.04,0.341,6.3,34.33,37,140.0,0.663,19,2760.0
Steady Middle,28,4360.0,0.088,0.374,3.0,90.23,33,2870.0,0.246,21,4070.0
Young Digital Spender,23,4440.0,-0.016,0.661,22.6,46.01,42,340.0,0.267,22,4610.0
Budget-Conscious Saver,28,3870.0,0.271,0.199,7.0,62.85,20,1010.0,0.14,46,3210.0
High-Income Investor,55,12990.0,0.395,0.494,5.1,157.62,25,60050.0,0.063,48,7550.0
Steady Middle,45,5410.0,0.09,0.407,7.6,63.65,25,2440.0,0.37,46,5270.0
Credit-Reliant Household,37,4140.0,-0.1,0.425,6.7,50.32,32,0.0,0.828,30,4930.0
Young Digital Spender,25,4190.0,-0.019,0.523,23.2,63.22,44,360.0,0.311,11,4010.0
Steady Middle,30,7290.0,0.072,0.41,11.8,86.69,34,4140.0,0.169,57,5810.0
Young Digital Spender,21,3750.0,0.038,0.711,18.5,31.37,63,160.0,0.371,50,3350.0
Steady Middle,39,7600.0,0.152,0.328,6.3,80.78,34,10230.0,0.274,55,5990.0
Budget-Conscious Saver,39,3110.0,0.175,0.266,5.1,49.05,29,1800.0,0.047,20,2430.0
Steady Middle,49,6710.0,0.144,0.27,11.7,98.64,31,6230.0,0.299,58,6350.0
High-Income Investor,48,9960.0,0.356,0.339,4.2,173.25,20,45470.0,0.0,27,7330.0
Young Digital Spender,25,3520.0,0.084,0.657,22.8,53.92,64,330.0,0.451,47,2780.0
Credit-Reliant Household,30,2940.0,0.023,0.352,7.0,63.02,38,20.0,0.88,30,2630.0
Credit-Reliant Household,37,3020.0,-0.034,0.478,11.5,36.26,24,120.0,0.785,46,3330.0
Steady Middle,37,5160.0,0.232,0.32,8.1,80.53,29,7560.0,0.252,3,4040.0
Young Digital Spender,23,3900.0,0.065,0.545,28.3,25.45,59,190.0,0.213,5,3990.0
Budget-Conscious Saver,35,5900.0,0.287,0.267,9.9,53.53,16,2820.0,0.204,15,3840.0
Steady Middle,44,5850.0,0.118,0.299,11.6,93.81,28,3520.0,0.231,12,5030.0
High-Income Investor,56,14000.0,0.292,0.425,5.3,128.93,23,19200.0,0.146,11,11290.0
High-Income Investor,56,8070.0,0.356,0.382,5.8,112.39,14,59950.0,0.0,6,5060.0
Steady Middle,36,4360.0,0.074,0.426,9.9,82.18,22,7130.0,0.169,5,4520.0
Steady Middle,37,6120.0,0.209,0.425,6.7,34.5,31,10960.0,0.313,51,4960.0
Steady Middle,43,5620.0,0.15,0.299,10.7,92.74,21,1600.0,0.292,9,4100.0
Credit-Reliant Household,52,4880.0,0.023,0.474,8.5,22.93,29,180.0,0.572,14,5260.0
Steady Middle,47,6340.0,0.13,0.291,12.8,42.68,24,1190.0,0.249,56,5030.0
Budget-Conscious Saver,38,5350.0,0.275,0.224,4.1,38.58,23,1820.0,0.046,22,4010.0
Credit-Reliant Household,28,3770.0,0.028,0.436,11.3,59.67,15,210.0,0.782,46,3970.0
Credit-Reliant Household,54,4000.0,0.021,0.384,13.6,15.65,24,90.0,0.661,51,3520.0
Young Digital Spender,20,3820.0,0.065,0.461,27.8,25.21,55,400.0,0.429,14,3620.0
Budget-Conscious Saver,35,5000.0,0.31,0.26,4.7,57.79,19,950.0,0.272,24,3330.0
Steady Middle,31,6790.0,0.152,0.258,12.4,70.65,25,1300.0,0.288,31,5640.0
Budget-Conscious Saver,33,4880.0,0.273,0.341,8.4,54.77,24,3140.0,0.144,21,4060.0
High-Income Investor,45,12740.0,0.304,0.353,4.6,68.72,16,115690.0,0.077,9,9070.0
High-Income Investor,35,16760.0,0.248,0.392,3.3,194.63,17,76450.0,0.122,51,12030.0
Budget-Conscious Saver,32,3220.0,0.222,0.167,8.9,68.88,17,2430.0,0.298,15,2720.0
Steady Middle,45,6540.0,0.1,0.32,8.5,61.89,29,11010.0,0.418,50,5780.0
Steady Middle,29,6660.0,0.125,0.355,8.2,36.85,37,6300.0,0.189,11,6670.0
Credit-Reliant Household,29,2780.0,-0.021,0.298,9.9,34.55,36,20.0,0.694,58,3120.0
Budget-Conscious Saver,25,4400.0,0.205,0.229,2.4,80.2,13,1310.0,0.04,35,4010.0
Budget-Conscious Saver,28,5350.0,0.239,0.258,8.9,56.09,21,2830.0,0.027,9,3840.0
Credit-Reliant Household,52,4960.0,-0.021,0.464,10.2,41.59,44,20.0,0.653,12,5250.0
Young Digital Spender,26,2730.0,0.063,0.771,30.4,51.13,46,90.0,0.148,28,2640.0
Steady Middle,46,5450.0,0.152,0.426,12.3,80.94,26,4440.0,0.189,23,4270.0
Steady Middle,49,4230.0,0.137,0.357,7.5,37.41,22,12020.0,0.305,10,3500.0
Steady Middle,49,5930.0,0.145,0.457,10.2,72.34,28,9080.0,0.22,10,4530.0
Young Digital Spender,24,4170.0,0.019,0.445,17.3,19.11,33,240.0,0.401,46,3850.0
Steady Middle,29,5940.0,0.097,0.36,7.0,86.68,47,1820.0,0.146,30,5690.0
Credit-Reliant Household,54,3110.0,0.001,0.368,11.8,54.86,34,190.0,0.926,8,2840.0
Budget-Conscious Saver,27,3920.0,0.248,0.311,5.5,50.18,17,3080.0,0.079,52,3290.0
Steady Middle,27,6640.0,0.169,0.386,12.2,62.36,25,14570.0,0.402,8,4980.0
Credit-Reliant Household,31,4840.0,-0.02,0.339,10.1,34.17,38,140.0,0.647,26,5170.0
Credit-Reliant Household,28,2530.0,0.025,0.312,9.8,31.19,24,270.0,0.824,1,2770.0
Young Digital Spender,25,3490.0,0.024,0.642,14.9,43.17,47,380.0,0.39,14,3810.0
Budget-Conscious Saver,28,6250.0,0.268,0.162,9.6,66.82,23,6310.0,0.226,7,4850.0
Steady Middle,38,6990.0,0.093,0.376,6.7,70.52,31,9440.0,0.149,26,5620.0
Budget-Conscious Saver,29,5420.0,0.217,0.211,8.2,80.4,29,7290.0,0.236,6,4080.0
Budget-Conscious Saver,39,4960.0,0.255,0.184,6.6,33.48,29,2780.0,0.034,34,3850.0
Budget-Conscious Saver,33,5240.0,0.196,0.182,6.3,70.91,35,3580.0,0.214,11,4820.0
Steady Middle,36,7450.0,0.136,0.382,11.8,73.75,22,5710.0,0.281,56,6820.0
Steady Middle,47,6100.0,0.052,0.374,6.4,41.24,21,3620.0,0.179,44,5830.0
Credit-Reliant Household,31,4900.0,-0.059,0.305,6.9,29.4,15,160.0,0.784,5,4440.0
Credit-Reliant Household,50,3020.0,0.039,0.548,4.7,48.52,31,40.0,0.865,4,2680.0
Young Digital Spender,23,4110.0,0.007,0.591,15.4,42.06,41,250.0,0.388,7,3990.0
Young Digital Spender,24,3310.0,0.063,0.471,24.0,27.04,45,240.0,0.388,56,3070.0
Credit-Reliant Household,43,4440.0,0.028,0.474,13.0,48.53,27,320.0,0.789,34,4740.0
Budget-Conscious Saver,38,6440.0,0.344,0.274,4.3,74.46,16,9380.0,0.146,30,4370.0
Steady Middle,47,5740.0,0.121,0.241,6.2,61.46,38,17540.0,0.32,56,5800.0
Steady Middle,27,7960.0,0.17,0.331,11.2,44.19,22,3110.0,0.325,37,6790.0
Credit-Reliant Household,34,4050.0,-0.005,0.434,9.8,22.36,38,180.0,0.882,29,4200.0
Credit-Reliant Household,33,4500.0,-0.01,0.482,10.7,58.19,28,220.0,0.941,17,4740.0
Budget-Conscious Saver,35,5280.0,0.188,0.224,6.5,84.96,43,3130.0,0.163,15,4600.0
Steady Middle,30,7240.0,0.105,0.378,9.3,44.48,34,4340.0,0.376,59,7370.0
Credit-Reliant Household,53,4600.0,-0.021,0.492,13.2,40.35,28,60.0,0.894,49,4080.0
Young Digital Spender,22,3820.0,0.021,0.505,21.7,23.62,62,130.0,0.244,38,3410.0
High-Income Investor,41,12200.0,0.365,0.248,0.1,74.14,18,45260.0,0.037,28,8740.0
Budget-Conscious Saver,38,6400.0,0.188,0.191,5.5,54.33,23,4760.0,0.09,22,5660.0
Steady Middle,45,4840.0,0.089,0.329,7.2,87.1,18,9740.0,0.223,4,4150.0
Steady Middle,33,5390.0,0.095,0.383,10.9,45.65,35,7190.0,0.211,55,4850.0
Credit-Reliant Household,45,3300.0,-0.009,0.399,10.0,32.67,19,260.0,0.789,24,2840.0
Credit-Reliant Household,48,4830.0,-0.002,0.405,14.0,32.73,38,10.0,0.773,38,4190.0
Budget-Conscious Saver,35,3310.0,0.344,0.254,9.1,34.32,16,3900.0,0.106,40,2160.0
Steady Middle,48,7100.0,0.101,0.389,7.8,49.79,16,2840.0,0.193,23,6530.0
High-Income Investor,38,14590.0,0.236,0.385,4.3,167.78,20,69580.0,0.135,48,10040.0
Budget-Conscious Saver,27,5100.0,0.197,0.288,3.3,33.06,13,520.0,0.103,51,4050.0
High-Income Investor,52,17190.0,0.255,0.415,7.9,197.37,20,94550.0,0.026,4,11530.0
Young Digital Spender,24,3460.0,0.025,0.546,14.6,44.33,50,120.0,0.291,32,3350.0
Steady Middle,49,6750.0,0.109,0.391,8.6,63.55,20,5980.0,0.293,12,6330.0
Budget-Conscious Saver,30,4800.0,0.219,0.195,4.8,35.75,28,2030.0,0.252,36,4240.0
Credit-Reliant Household,50,3220.0,-0.064,0.427,6.7,46.71,44,80.0,0.774,43,2990.0
Budget-Conscious Saver,30,4470.0,0.276,0.151,10.5,31.31,35,4140.0,0.235,44,3550.0
Young Digital Spender,24,3580.0,-0.018,0.422,15.6,50.08,40,280.0,0.298,10,3920.0
Credit-Reliant Household,49,4020.0,-0.005,0.366,7.4,27.13,30,40.0,0.778,6,3610.0
High-Income Investor,47,14210.0,0.277,0.274,6.8,100.58,12,102150.0,0.004,5,9560.0
Steady Middle,39,5870.0,0.121,0.331,6.8,97.18,16,11760.0,0.216,36,5710.0
Credit-Reliant Household,44,3770.0,-0.007,0.382,9.1,51.7,35,180.0,0.887,30,4000.0
Young Digital Spender,21,2230.0,-0.01,0.623,28.6,19.86,62,120.0,0.276,37,2370.0
Young Digital Spender,26,3560.0,0.04,0.645,22.7,16.38,52,370.0,0.396,39,3660.0
Young Digital Spender,25,3830.0,0.105,0.767,14.6,36.0,59,110.0,0.406,12,3920.0
Steady Middle,38,7380.0,0.137,0.293,10.3,37.85,20,11600.0,0.239,40,6760.0
Young Digital Spender,24,2910.0,0.053,0.539,14.2,17.6,49,160.0,0.38,36,2420.0
Steady Middle,39,7640.0,0.133,0.327,11.7,34.65,27,9970.0,0.106,56,6630.0
Steady Middle,49,4800.0,0.109,0.295,7.5,66.17,33,5430.0,0.294,14,3710.0
Credit-Reliant Household,52,2900.0,-0.02,0.266,4.6,12.12,43,160.0,0.753,44,3190.0
High-Income Investor,57,8080.0,0.223,0.381,5.2,75.37,14,54890.0,0.073,21,6870.0
Budget-Conscious Saver,29,5280.0,0.318,0.326,12.1,55.5,37,2570.0,0.109,41,3490.0
Steady Middle,37,7320.0,0.209,0.484,12.0,55.3,32,14410.0,0.355,19,4950.0
Young Digital Spender,25,3790.0,0.067,0.624,12.7,16.46,46,160.0,0.31,17,3380.0
High-Income Investor,57,16090.0,0.217,0.254,5.6,159.96,17,113420.0,0.0,35,11310.0
Credit-Reliant Household,54,4800.0,0.023,0.368,10.3,20.84,40,240.0,0.648,37,4600.0
Budget-Conscious Saver,31,3660.0,0.279,0.315,9.4,28.87,14,1830.0,0.139,36,2510.0
Young Digital Spender,23,3940.0,0.106,0.558,15.7,23.49,40,180.0,0.518,24,3950.0
Steady Middle,32,4580.0,0.108,0.409,7.1,47.14,23,7710.0,0.42,17,3640.0
Steady Middle,43,6230.0,0.172,0.382,9.2,36.82,18,13040.0,0.417,1,4690.0
Steady Middle,46,6750.0,0.114,0.297,12.4,47.4,25,3330.0,0.404,12,5180.0
Steady Middle,29,4840.0,0.174,0.334,7.5,39.89,37,11090.0,0.231,40,4350.0
Steady Middle,30,7230.0,0.209,0.385,5.6,47.66,31,3340.0,0.171,57,5130.0
Young Digital Spender,27,2930.0,0.064,0.585,17.7,16.79,40,360.0,0.221,50,2690.0
Credit-Reliant Household,37,2960.0,0.03,0.494,12.4,52.24,27,130.0,0.642,5,3010.0
Budget-Conscious Saver,27,4450.0,0.322,0.211,3.4,58.04,18,3480.0,0.276,1,3360.0
Credit-Reliant Household,32,3080.0,-0.008,0.512,7.5,17.12,34,170.0,0.843,12,2770.0
Steady Middle,36,7220.0,0.146,0.36,6.7,83.01,27,9000.0,0.216,50,6020.0
High-Income Investor,37,10560.0,0.351,0.268,4.0,105.36,24,16520.0,0.011,23,7240.0
Young Digital Spender,20,3720.0,0.11,0.747,18.7,25.61,48,290.0,0.418,56,3700.0
High-Income Investor,43,11680.0,0.405,0.256,7.9,111.27,9,66670.0,0.0,18,7190.0
Credit-Reliant Household,48,3880.0,0.046,0.295,8.9,27.02,41,330.0,0.744,2,3750.0
High-Income Investor,36,17100.0,0.36,0.264,1.9,185.77,17,110970.0,0.0,51,11210.0
Steady Middle,36,4130.0,0.072,0.427,8.8,61.57,44,10470.0,0.219,20,4240.0
Young Digital Spender,26,3430.0,0.037,0.488,17.9,12.5,60,20.0,0.455,51,3270.0
Young Digital Spender,23,3050.0,0.022,0.676,28.1,30.67,56,20.0,0.401,55,2620.0
High-Income Investor,49,8470.0,0.267,0.326,5.7,69.25,19,75060.0,0.07,35,6400.0
Credit-Reliant Household,37,2920.0,-0.031,0.452,13.8,17.79,22,180.0,0.76,2,3390.0
Budget-Conscious Saver,29,3100.0,0.19,0.203,10.7,52.64,37,3010.0,0.132,40,2660.0
Budget-Conscious Saver,41,5310.0,0.372,0.257,6.2,43.98,15,1080.0,0.087,51,2990.0
Steady Middle,45,7380.0,0.148,0.359,8.5,79.77,24,10460.0,0.24,41,6530.0
High-Income Investor,48,15280.0,0.209,0.264,1.5,134.91,23,22370.0,0.0,6,13730.0
Steady Middle,34,7730.0,0.166,0.312,5.0,62.19,22,3810.0,0.191,53,6390.0
Steady Middle,48,4720.0,0.144,0.281,9.4,69.57,30,930.0,0.202,13,3490.0
Steady Middle,34,5150.0,0.126,0.431,9.4,79.96,31,6120.0,0.353,8,4720.0
Budget-Conscious Saver,36,3680.0,0.317,0.152,4.1,48.95,36,1740.0,0.138,40,2150.0
High-Income Investor,37,15640.0,0.302,0.267,2.2,196.68,15,57060.0,0.043,4,11590.0
High-Income Investor,40,15000.0,0.227,0.346,5.8,134.91,14,115400.0,0.161,38,12340.0
Steady Middle,29,6860.0,0.127,0.368,12.4,49.45,43,6010.0,0.278,1,5350.0
Young Digital Spender,27,2740.0,0.008,0.654,14.7,29.99,37,280.0,0.334,13,2520.0
Budget-Conscious Saver,34,4060.0,0.206,0.238,7.6,44.4,16,7810.0,0.193,40,3600.0
Steady Middle,41,5090.0,0.094,0.309,8.9,65.83,30,11730.0,0.213,32,4090.0
Young Digital Spender,23,3370.0,0.02,0.513,28.8,26.18,68,110.0,0.501,58,3670.0
Credit-Reliant Household,30,3040.0,-0.075,0.387,4.3,22.59,35,320.0,0.713,15,2920.0
High-Income Investor,43,9250.0,0.385,0.315,6.2,93.92,17,64500.0,0.027,8,6460.0
High-Income Investor,41,12220.0,0.394,0.41,8.2,193.09,22,109830.0,0.052,17,7230.0
Budget-Conscious Saver,41,6320.0,0.156,0.258,5.8,55.62,28,1960.0,0.156,17,5680.0
Credit-Reliant Household,42,3170.0,-0.088,0.408,6.0,24.98,24,170.0,0.605,47,3760.0
Young Digital Spender,20,2400.0,0.033,0.637,17.0,59.76,64,170.0,0.496,30,2290.0
Steady Middle,30,7160.0,0.13,0.439,13.4,56.67,26,5970.0,0.158,56,7110.0
Steady Middle,34,4340.0,0.078,0.326,8.4,43.75,15,6610.0,0.412,27,3670.0
Credit-Reliant Household,49,3780.0,-0.058,0.348,12.9,38.72,27,50.0,0.668,59,4550.0
High-Income Investor,50,9750.0,0.324,0.422,3.9,78.02,17,136550.0,0.118,35,5830.0
Credit-Reliant Household,29,2700.0,-0.003,0.405,11.9,50.34,31,110.0,0.844,55,2610.0
Steady Middle,42,7350.0,0.106,0.276,11.2,46.98,34,2670.0,0.362,40,7030.0
Steady Middle,45,5980.0,0.065,0.383,6.7,31.72,22,12980.0,0.285,17,6280.0
High-Income Investor,35,11240.0,0.384,0.401,7.9,144.86,20,63400.0,0.09,9,6600.0
Steady Middle,32,5560.0,0.065,0.295,7.7,52.24,17,7560.0,0.234,14,4470.0
Budget-Conscious Saver,30,4440.0,0.209,0.291,7.9,57.35,19,1850.0,0.166,50,4000.0
Young Digital Spender,23,2630.0,-0.001,0.534,30.4,43.51,33,160.0,0.388,33,2430.0
Steady Middle,48,6810.0,0.133,0.416,7.9,51.62,10,10350.0,0.166,52,6390.0
High-Income Investor,40,8580.0,0.383,0.309,2.1,99.79,20,131960.0,0.094,41,5380.0
High-Income Investor,39,15960.0,0.404,0.425,8.8,104.11,6,80570.0,0.195,24,9800.0
Young Digital Spender,22,3930.0,-0.01,0.551,15.4,65.0,58,400.0,0.454,37,4090.0
Budget-Conscious Saver,39,3410.0,0.28,0.238,5.9,61.08,32,1480.0,0.244,35,2410.0
Steady Middle,32,7000.0,0.114,0.369,5.9,58.16,40,6590.0,0.151,3,6840.0
High-Income Investor,43,9620.0,0.398,0.323,5.6,86.87,13,92150.0,0.065,52,5440.0
Steady Middle,33,7520.0,0.122,0.275,8.2,63.95,28,12180.0,0.321,49,6420.0
Budget-Conscious Saver,27,4200.0,0.225,0.247,5.8,58.97,23,4030.0,0.198,29,2960.0
Budget-Conscious Saver,34,3660.0,0.332,0.248,8.8,37.28,17,4480.0,0.06,10,2400.0
Budget-Conscious Saver,32,5640.0,0.219,0.299,7.3,38.46,30,5690.0,0.063,21,4720.0
Budget-Conscious Saver,29,4500.0,0.171,0.177,2.4,54.45,31,2300.0,0.254,4,3720.0
Young Digital Spender,20,2850.0,-0.002,0.497,16.3,41.52,43,330.0,0.428,13,2540.0
Steady Middle,35,7160.0,0.179,0.338,4.7,42.91,29,6910.0,0.287,39,6390.0
Young Digital Spender,24,3330.0,0.02,0.524,19.8,60.82,49,100.0,0.168,9,3220.0
Young Digital Spender,26,3890.0,0.057,0.514,26.8,36.39,54,120.0,0.466,47,3200.0
Steady Middle,43,5830.0,0.145,0.37,6.8,36.26,27,4850.0,0.415,25,4550.0
Young Digital Spender,21,3550.0,0.012,0.584,24.9,5.04,36,260.0,0.119,21,3120.0
Credit-Reliant Household,53,3140.0,-0.046,0.418,10.3,34.12,32,490.0,0.677,5,3560.0
Steady Middle,26,4180.0,0.145,0.415,8.4,58.62,32,1010.0,0.312,41,3890.0
Young Digital Spender,25,4440.0,0.048,0.556,26.4,47.03,60,10.0,0.474,42,4170.0
Steady Middle,32,4860.0,0.086,0.288,7.8,44.67,23,8280.0,0.379,56,3850.0
Steady Middle,28,4610.0,0.092,0.327,7.6,77.86,27,2880.0,0.298,2,3760.0
Budget-Conscious Saver,26,3920.0,0.343,0.27,4.2,74.29,30,3890.0,0.039,9,2430.0
Steady Middle,30,7110.0,0.181,0.369,3.1,69.36,34,8510.0,0.203,38,6640.0
Steady Middle,35,5950.0,0.191,0.475,12.3,38.26,31,8700.0,0.258,54,4180.0
Budget-Conscious Saver,33,4070.0,0.219,0.249,4.5,72.59,35,780.0,0.064,5,2820.0
Credit-Reliant Household,46,3020.0,0.003,0.435,3.5,13.42,19,100.0,0.878,5,3020.0
Credit-Reliant Household,45,3630.0,-0.032,0.36,11.9,40.65,16,160.0,0.712,59,4270.0
Steady Middle,30,6150.0,0.111,0.382,11.3,87.64,47,3550.0,0.236,4,6000.0
Credit-Reliant Household,51,4750.0,-0.012,0.389,8.1,25.48,32,20.0,0.668,9,4230.0
Steady Middle,49,5280.0,0.174,0.323,8.2,62.02,20,7680.0,0.302,3,4710.0
Credit-Reliant Household,41,3230.0,-0.009,0.398,15.4,31.58,37,260.0,0.797,51,3580.0
Budget-Conscious Saver,37,3770.0,0.237,0.235,3.1,27.32,30,5280.0,0.083,40,3170.0
Steady Middle,44,5430.0,0.151,0.375,6.7,47.16,34,11060.0,0.238,53,4670.0
Budget-Conscious Saver,41,3850.0,0.251,0.386,8.4,71.43,33,2160.0,0.195,10,3100.0
High-Income Investor,43,8080.0,0.413,0.259,5.9,49.02,26,67410.0,0.106,26,5030.0
High-Income Investor,57,8380.0,0.41,0.298,4.7,220.46,15,94890.0,0.0,43,5600.0
Steady Middle,43,4840.0,0.125,0.299,8.0,45.12,41,9330.0,0.272,2,4350.0
Credit-Reliant Household,32,3590.0,-0.04,0.513,7.0,51.93,43,370.0,0.518,53,3330.0
High-Income Investor,44,15170.0,0.25,0.398,4.6,80.81,17,45310.0,0.044,32,12090.0
Steady Middle,33,7010.0,0.149,0.413,10.0,63.84,29,10480.0,0.206,23,5160.0
Steady Middle,26,7600.0,0.151,0.412,7.2,42.08,20,6180.0,0.402,10,6060.0
Budget-Conscious Saver,38,5390.0,0.254,0.207,3.7,52.84,30,4020.0,0.135,48,4330.0
Budget-Conscious Saver,37,5590.0,0.253,0.298,6.9,71.81,15,2520.0,0.137,10,4450.0
Young Digital Spender,20,2790.0,0.014,0.49,14.3,41.79,41,100.0,0.555,12,2450.0
Steady Middle,29,4910.0,0.077,0.303,8.6,47.54,24,11660.0,0.201,11,4060.0
Young Digital Spender,25,2720.0,0.037,0.401,17.8,14.35,56,380.0,0.277,3,2520.0
High-Income Investor,38,8480.0,0.308,0.396,6.0,118.89,25,39740.0,0.262,25,5470.0
Steady Middle,31,6620.0,0.086,0.365,3.0,58.49,26,12370.0,0.119,19,6010.0
Steady Middle,30,4680.0,0.11,0.235,5.0,87.38,16,2080.0,0.234,7,4670.0
Young Digital Spender,26,3290.0,0.017,0.485,27.3,38.96,49,170.0,0.33,58,3340.0
Budget-Conscious Saver,41,5290.0,0.345,0.155,3.6,86.41,28,1390.0,0.193,56,3720.0
Young Digital Spender,24,2790.0,0.069,0.618,16.7,36.09,54,200.0,0.405,44,2380.0
Young Digital Spender,23,2670.0,0.057,0.532,13.4,40.03,38,260.0,0.471,2,2470.0
Steady Middle,38,7690.0,0.156,0.358,7.5,99.28,44,4530.0,0.287,14,7240.0
Steady Middle,42,6370.0,0.126,0.443,8.2,90.59,24,3830.0,0.107,15,5610.0
Steady Middle,37,5590.0,0.065,0.327,5.4,23.42,30,9510.0,0.263,30,5700.0
Young Digital Spender,23,2950.0,0.049,0.707,14.5,42.1,70,290.0,0.296,17,2950.0
Young Digital Spender,25,2330.0,0.005,0.479,16.4,45.87,73,390.0,0.53,15,2460.0
Young Digital Spender,25,4230.0,0.035,0.703,15.3,38.65,46,100.0,0.292,21,4280.0
High-Income Investor,37,9890.0,0.218,0.3,6.0,105.81,15,23520.0,0.026,44,8720.0
Steady Middle,46,4680.0,0.111,0.299,10.0,88.29,32,9690.0,0.249,28,3540.0
Steady Middle,27,7800.0,0.111,0.374,4.6,91.79,33,6310.0,0.198,45,7960.0
Credit-Reliant Household,40,3570.0,-0.025,0.441,7.4,21.54,44,230.0,0.803,57,3800.0
Steady Middle,27,5560.0,0.109,0.338,10.5,70.53,37,5800.0,0.219,7,4570.0
High-Income Investor,54,12720.0,0.201,0.344,6.4,94.79,14,81470.0,0.098,56,8830.0
Steady Middle,28,5360.0,0.148,0.41,7.8,58.25,20,2560.0,0.239,46,4280.0
Young Digital Spender,25,3490.0,0.092,0.564,22.3,37.24,70,70.0,0.462,5,3270.0
Steady Middle,26,7810.0,0.084,0.326,11.1,77.09,23,9280.0,0.158,16,7900.0
Budget-Conscious Saver,31,4730.0,0.268,0.131,7.1,42.34,22,5140.0,0.202,45,3700.0
Budget-Conscious Saver,33,3940.0,0.315,0.26,2.1,74.54,37,670.0,0.283,33,3000.0
Young Digital Spender,25,3070.0,0.011,0.647,23.0,59.42,44,50.0,0.26,41,2720.0
High-Income Investor,47,9780.0,0.36,0.32,3.9,197.17,20,140440.0,0.111,53,5690.0
Steady Middle,49,6450.0,0.114,0.392,9.5,74.08,27,2840.0,0.298,24,4870.0
Steady Middle,44,5330.0,0.194,0.382,10.8,76.2,16,10510.0,0.33,27,4400.0
Young Digital Spender,21,3330.0,0.096,0.553,26.3,38.39,52,360.0,0.32,12,2700.0
High-Income Investor,41,17690.0,0.27,0.265,1.7,114.19,21,79390.0,0.196,53,11100.0
Credit-Reliant Household,33,4080.0,-0.097,0.375,6.4,42.71,44,100.0,0.859,6,4010.0
Steady Middle,46,6420.0,0.084,0.198,8.2,50.9,21,1110.0,0.208,45,6080.0
Steady Middle,34,6010.0,0.122,0.253,6.7,50.55,32,3520.0,0.349,26,4510.0
High-Income Investor,46,16060.0,0.358,0.225,2.9,216.88,18,105210.0,0.052,50,8780.0
Young Digital Spender,24,4340.0,-0.024,0.611,23.3,33.91,65,180.0,0.315,40,3970.0
High-Income Investor,57,14710.0,0.255,0.247,3.4,89.33,10,24870.0,0.049,12,12060.0
Budget-Conscious Saver,37,5670.0,0.374,0.133,7.0,51.2,19,3990.0,0.153,49,4060.0
Steady Middle,26,4150.0,0.232,0.411,8.8,38.02,36,5100.0,0.294,29,3090.0
Budget-Conscious Saver,37,5500.0,0.46,0.17,6.2,38.99,33,4640.0,0.119,45,2840.0
Young Digital Spender,25,3030.0,0.041,0.593,22.8,36.45,36,0.0,0.358,8,3060.0
High-Income Investor,53,12630.0,0.342,0.279,2.3,106.58,13,43870.0,0.011,45,9040.0
Young Digital Spender,27,2580.0,0.022,0.697,22.4,37.93,57,490.0,0.473,10,2170.0
Steady Middle,42,6760.0,0.108,0.351,7.0,86.67,39,7860.0,0.314,21,6610.0
Credit-Reliant Household,29,3460.0,0.001,0.375,6.7,38.9,33,120.0,0.854,38,3310.0
Young Digital Spender,27,2470.0,0.03,0.684,14.6,48.43,47,80.0,0.5,29,2100.0
Budget-Conscious Saver,35,5360.0,0.224,0.296,3.2,51.38,11,2220.0,0.165,19,4390.0
Young Digital Spender,24,2310.0,0.07,0.688,13.0,27.14,43,40.0,0.489,31,2430.0
Steady Middle,39,6380.0,0.163,0.336,8.4,82.2,26,4300.0,0.322,33,5650.0
Young Digital Spender,23,4210.0,0.053,0.554,15.7,26.39,55,100.0,0.324,21,3750.0
Steady Middle,32,4620.0,0.124,0.333,3.5,39.84,28,6170.0,0.257,50,3690.0
Credit-Reliant Household,28,4170.0,0.022,0.328,12.4,29.31,26,200.0,0.867,55,4420.0
Young Digital Spender,24,4170.0,0.041,0.674,25.5,30.44,43,10.0,0.509,8,4010.0
Budget-Conscious Saver,36,6080.0,0.239,0.292,11.0,51.38,33,1770.0,0.138,7,4600.0
Steady Middle,26,5060.0,0.135,0.316,9.6,56.3,24,6640.0,0.403,36,4350.0
Young Digital Spender,26,3940.0,0.044,0.525,11.7,21.06,38,530.0,0.327,54,4190.0
Budget-Conscious Saver,25,4750.0,0.282,0.243,10.9,26.19,28,6270.0,0.156,8,3350.0
Credit-Reliant Household,45,4630.0,0.016,0.456,6.7,32.79,36,130.0,0.698,20,5020.0
Steady Middle,30,4480.0,0.144,0.33,7.0,78.06,27,11430.0,0.363,20,3460.0
Steady Middle,39,6790.0,0.132,0.336,6.9,76.97,28,11150.0,0.235,41,5460.0
Young Digital Spender,21,2680.0,0.06,0.536,18.3,45.37,66,210.0,0.448,26,2840.0
Steady Middle,49,6630.0,0.095,0.34,3.0,39.99,12,1960.0,0.233,56,6190.0
Young Digital Spender,24,4000.0,0.002,0.521,30.0,19.14,56,530.0,0.478,49,3960.0
Young Digital Spender,22,3910.0,0.072,0.576,16.0,13.98,62,10.0,0.322,26,3720.0
Young Digital Spender,26,4220.0,0.001,0.575,22.2,51.05,71,480.0,0.157,35,4650.0
High-Income Investor,38,16870.0,0.25,0.354,5.7,143.16,24,131090.0,0.011,18,13010.0
Young Digital Spender,22,4490.0,0.024,0.62,27.5,49.94,59,30.0,0.228,30,4100.0
Budget-Conscious Saver,40,4880.0,0.18,0.196,8.6,68.7,26,3150.0,0.186,1,4220.0
Credit-Reliant Household,45,3790.0,-0.042,0.398,7.9,48.35,28,100.0,0.771,9,4140.0
Credit-Reliant Household,54,3760.0,-0.073,0.422,7.0,41.83,33,170.0,0.845,48,4570.0
High-Income Investor,43,16870.0,0.404,0.199,4.8,167.06,9,7790.0,0.0,7,10430.0
Young Digital Spender,25,3190.0,0.017,0.698,24.7,33.88,46,10.0,0.444,59,3040.0
High-Income Investor,55,11840.0,0.234,0.362,2.5,194.51,10,79570.0,0.102,42,9630.0
Young Digital Spender,24,2420.0,0.094,0.574,25.8,52.51,44,80.0,0.568,59,2030.0
Steady Middle,43,5020.0,0.132,0.311,6.5,76.55,31,5090.0,0.394,36,4290.0
Budget-Conscious Saver,34,6490.0,0.308,0.177,6.7,73.13,29,5030.0,0.086,8,4440.0
Credit-Reliant Household,42,2810.0,-0.027,0.392,10.7,54.49,38,270.0,0.798,29,2890.0
Credit-Reliant Household,43,2630.0,0.026,0.472,8.3,30.28,28,190.0,0.831,38,2280.0
High-Income Investor,44,17080.0,0.348,0.274,4.5,84.08,14,46610.0,0.18,44,9710.0
Young Digital Spender,23,2840.0,0.132,0.598,25.9,34.2,48,690.0,0.321,11,2730.0
Credit-Reliant Household,43,2610.0,-0.054,0.305,7.7,27.0,36,110.0,0.782,48,2900.0
Credit-Reliant Household,42,3540.0,0.018,0.334,8.6,28.91,32,110.0,0.638,16,3110.0
Budget-Conscious Saver,37,5230.0,0.3,0.311,7.5,65.67,25,1000.0,0.091,21,4030.0
Young Digital Spender,21,4130.0,0.035,0.681,18.4,54.12,67,470.0,0.441,1,3390.0
Steady Middle,32,7670.0,0.125,0.289,9.8,62.71,22,13900.0,0.283,59,6860.0
Budget-Conscious Saver,34,4680.0,0.251,0.265,6.3,71.46,27,1860.0,0.094,34,4010.0
High-Income Investor,45,17410.0,0.364,0.322,8.0,67.12,13,39860.0,0.011,28,12700.0
Credit-Reliant Household,29,3420.0,0.009,0.542,10.8,30.88,32,30.0,0.905,21,3540.0
Steady Middle,30,4070.0,0.134,0.385,5.0,80.52,23,7400.0,0.331,43,3490.0
Steady Middle,28,4860.0,0.071,0.44,9.2,93.45,18,3130.0,0.121,29,4540.0
Steady Middle,38,4930.0,0.109,0.42,5.5,72.56,27,3250.0,0.231,19,4360.0
Steady Middle,41,5860.0,0.125,0.186,10.6,39.22,39,5030.0,0.204,9,5090.0
Budget-Conscious Saver,37,3630.0,0.321,0.396,4.1,74.77,27,4200.0,0.119,23,2510.0
Steady Middle,48,6030.0,0.143,0.471,9.7,76.21,25,7090.0,0.334,13,4790.0
Budget-Conscious Saver,34,6470.0,0.279,0.157,6.2,29.27,22,3950.0,0.127,16,5070.0
High-Income Investor,40,11380.0,0.402,0.306,5.8,59.49,28,58310.0,0.048,55,6300.0
Budget-Conscious Saver,28,4930.0,0.216,0.3,6.4,32.59,32,870.0,0.173,41,3850.0
High-Income Investor,36,13860.0,0.362,0.346,8.3,134.39,18,73820.0,0.08,47,7530.0
Steady Middle,47,5210.0,0.156,0.387,11.5,64.78,29,15580.0,0.191,5,4270.0
Young Digital Spender,20,3670.0,0.024,0.528,10.6,30.39,54,180.0,0.402,19,3660.0
Young Digital Spender,23,2330.0,-0.003,0.702,17.2,47.9,49,550.0,0.425,41,2400.0
Steady Middle,33,4060.0,0.168,0.415,4.1,39.76,25,2430.0,0.327,38,3060.0
Young Digital Spender,21,3170.0,0.019,0.589,25.9,5.44,72,80.0,0.328,6,3190.0
Budget-Conscious Saver,25,4290.0,0.305,0.231,5.5,58.33,22,3890.0,0.217,57,2730.0
Young Digital Spender,22,3340.0,-0.02,0.667,26.5,17.5,74,110.0,0.509,24,2920.0
Budget-Conscious Saver,30,4980.0,0.265,0.202,6.4,28.99,29,3200.0,0.14,49,3360.0
High-Income Investor,35,13480.0,0.327,0.315,1.5,109.34,22,82080.0,0.064,22,10010.0
Credit-Reliant Household,45,4700.0,-0.003,0.408,4.6,24.88,46,80.0,0.896,52,4610.0
High-Income Investor,52,15530.0,0.277,0.346,7.4,55.99,13,93010.0,0.118,23,9710.0
Young Digital Spender,26,2530.0,-0.021,0.613,14.7,19.2,54,390.0,0.458,10,2870.0
Young Digital Spender,27,3820.0,0.059,0.628,24.8,46.85,74,240.0,0.519,35,3160.0
Young Digital Spender,21,3640.0,0.133,0.625,29.3,42.62,62,180.0,0.267,15,3520.0
High-Income Investor,53,17770.0,0.384,0.407,7.4,118.13,16,26020.0,0.093,55,10060.0
High-Income Investor,42,10450.0,0.365,0.461,7.3,134.27,26,40400.0,0.102,27,6470.0
Credit-Reliant Household,32,3460.0,-0.062,0.473,8.3,24.84,32,270.0,0.678,3,3720.0
Steady Middle,33,6800.0,0.133,0.429,3.5,28.58,35,8250.0,0.428,15,6550.0
Budget-Conscious Saver,40,4090.0,0.224,0.304,9.0,54.92,24,2390.0,0.153,57,3300.0
Steady Middle,42,4090.0,0.134,0.366,5.7,43.38,32,12950.0,0.249,57,3160.0
Young Digital Spender,27,2960.0,0.028,0.519,24.2,5.0,44,0.0,0.335,31,2730.0
Credit-Reliant Household,34,2690.0,-0.048,0.378,14.7,29.82,44,170.0,0.871,23,3010.0
Budget-Conscious Saver,36,5160.0,0.131,0.33,5.9,41.38,24,1610.0,0.114,17,3890.0
Steady Middle,42,7890.0,0.158,0.319,7.6,9.05,21,6050.0,0.421,44,6990.0
Budget-Conscious Saver,27,6230.0,0.252,0.258,7.0,84.36,25,6310.0,0.192,49,4720.0
Young Digital Spender,20,4010.0,0.038,0.632,30.5,46.02,56,210.0,0.401,7,3890.0
Young Digital Spender,23,3630.0,0.053,0.717,15.2,33.22,69,290.0,0.185,48,3310.0
Steady Middle,29,5990.0,0.083,0.299,9.8,107.23,16,8880.0,0.384,31,6110.0
Steady Middle,31,6190.0,0.174,0.437,6.0,80.57,30,10600.0,0.339,56,5240.0
Young Digital Spender,22,3910.0,-0.002,0.644,26.5,41.3,39,390.0,0.198,28,4260.0
Budget-Conscious Saver,25,5230.0,0.33,0.159,7.1,92.64,20,1500.0,0.261,45,3420.0
Credit-Reliant Household,33,4400.0,0.028,0.399,9.6,46.53,19,50.0,0.612,55,4680.0
Young Digital Spender,20,3300.0,0.05,0.493,21.1,40.7,36,10.0,0.29,3,3500.0
Credit-Reliant Household,48,3840.0,0.049,0.371,12.7,22.23,34,10.0,0.621,19,3980.0
Steady Middle,31,6440.0,0.123,0.392,6.1,56.01,23,6730.0,0.276,33,5140.0
Credit-Reliant Household,41,2790.0,0.014,0.34,5.6,37.93,38,130.0,0.529,22,2470.0
Steady Middle,36,4750.0,0.133,0.404,8.8,66.65,27,3950.0,0.178,12,4620.0
High-Income Investor,54,16000.0,0.283,0.428,6.3,181.84,16,25480.0,0.108,9,11270.0
Credit-Reliant Household,42,4120.0,0.056,0.296,4.7,13.17,41,220.0,0.729,56,4250.0
High-Income Investor,51,14900.0,0.243,0.403,6.6,86.72,19,64570.0,0.166,57,12140.0
High-Income Investor,49,15100.0,0.284,0.293,3.7,97.7,9,121590.0,0.0,24,11530.0
Credit-Reliant Household,46,2970.0,0.066,0.392,10.0,52.84,46,20.0,0.626,37,2810.0
Young Digital Spender,26,3020.0,0.112,0.547,26.5,38.15,44,470.0,0.207,50,2700.0
Steady Middle,31,7510.0,0.077,0.314,4.9,47.24,41,13830.0,0.143,2,7750.0
Young Digital Spender,24,3330.0,0.022,0.499,21.7,26.46,43,490.0,0.369,53,2990.0
High-Income Investor,42,9540.0,0.262,0.487,8.7,195.65,11,95980.0,0.103,17,7410.0
Budget-Conscious Saver,37,5550.0,0.212,0.33,10.0,52.25,26,710.0,0.003,48,5010.0
Budget-Conscious Saver,26,4040.0,0.326,0.169,7.7,67.52,38,2690.0,0.189,52,2680.0
Credit-Reliant Household,41,3860.0,-0.014,0.368,7.4,55.5,29,40.0,0.807,56,3790.0
Budget-Conscious Saver,32,3490.0,0.269,0.188,10.8,49.2,24,3600.0,0.102,13,2390.0
Young Digital Spender,23,3240.0,-0.02,0.522,25.3,58.6,36,470.0,0.327,17,3170.0
High-Income Investor,42,9620.0,0.166,0.344,10.2,101.11,16,33140.0,0.148,51,6990.0
Credit-Reliant Household,39,4250.0,-0.041,0.49,8.9,27.72,41,270.0,0.926,7,4610.0
Young Digital Spender,26,2670.0,0.024,0.639,18.3,42.03,61,100.0,0.525,8,2870.0
Steady Middle,32,6080.0,0.092,0.274,9.0,47.45,16,8090.0,0.4,25,5630.0
High-Income Investor,47,14750.0,0.253,0.47,7.3,79.41,26,46890.0,0.166,50,12460.0
Steady Middle,33,6620.0,0.137,0.332,12.6,90.9,29,5790.0,0.171,26,5690.0
Steady Middle,27,5340.0,0.098,0.275,12.8,86.04,15,9370.0,0.278,9,5410.0
Young Digital Spender,25,3280.0,0.056,0.53,30.2,37.06,58,330.0,0.377,34,3270.0
Steady Middle,37,5710.0,0.088,0.35,6.6,93.39,30,7740.0,0.233,2,5310.0
Credit-Reliant Household,52,4150.0,0.029,0.239,9.1,52.06,42,290.0,0.979,23,4260.0
Credit-Reliant Household,48,3120.0,0.004,0.378,9.0,36.96,45,300.0,0.753,43,2950.0
Steady Middle,34,6440.0,0.115,0.5,3.5,78.71,30,4900.0,0.241,27,4970.0
Young Digital Spender,26,4260.0,0.107,0.49,22.0,65.84,52,200.0,0.437,49,4240.0
Young Digital Spender,25,4430.0,-0.031,0.554,19.3,27.05,67,960.0,0.231,20,4740.0
Young Digital Spender,23,3800.0,0.068,0.41,29.9,14.92,50,20.0,0.257,28,3420.0
Young Digital Spender,27,3900.0,0.026,0.601,23.5,37.63,44,120.0,0.51,44,3750.0
Credit-Reliant Household,36,3190.0,0.029,0.363,9.2,44.76,28,130.0,0.766,31,3040.0
Steady Middle,34,7820.0,0.209,0.356,9.7,76.73,16,4520.0,0.361,44,5630.0
Young Digital Spender,27,2670.0,-0.023,0.68,21.8,25.73,37,80.0,0.435,29,2600.0
Young Digital Spender,21,4310.0,0.06,0.518,19.3,52.6,64,120.0,0.472,52,3780.0
Steady Middle,32,6360.0,0.181,0.41,4.6,81.48,36,10270.0,0.266,4,5660.0
Credit-Reliant Household,46,2860.0,0.014,0.343,9.2,61.77,30,140.0,0.861,42,2670.0
Steady Middle,49,5850.0,0.163,0.305,5.9,82.54,34,10400.0,0.311,42,4220.0
Young Digital Spender,27,2960.0,0.098,0.584,19.4,38.06,55,290.0,0.244,14,2580.0
Steady Middle,49,7910.0,0.198,0.372,9.6,51.38,36,8130.0,0.392,8,5440.0
Steady Middle,37,4700.0,0.136,0.371,4.7,57.81,41,4590.0,0.271,45,3640.0
Young Digital Spender,20,4080.0,0.038,0.495,16.3,46.93,51,120.0,0.256,20,4190.0
Steady Middle,30,6800.0,0.079,0.405,7.9,47.55,34,12420.0,0.164,18,7020.0
Young Digital Spender,25,3660.0,-0.003,0.611,26.2,33.34,55,400.0,0.174,46,3870.0
Budget-Conscious Saver,41,3030.0,0.302,0.289,5.0,79.36,31,1180.0,0.134,39,1890.0
Budget-Conscious Saver,30,5340.0,0.238,0.243,9.5,65.4,28,3840.0,0.156,29,3970.0
Credit-Reliant Household,30,3890.0,-0.052,0.433,6.3,52.31,26,150.0,0.707,53,4070.0
Budget-Conscious Saver,26,5470.0,0.171,0.252,5.8,39.65,22,1670.0,0.102,27,4690.0
Young Digital Spender,21,2720.0,0.028,0.493,15.9,30.14,48,50.0,0.248,35,2710.0
Steady Middle,41,6720.0,0.118,0.388,7.0,66.41,30,2060.0,0.329,50,5500.0
Credit-Reliant Household,54,2990.0,-0.049,0.402,9.0,17.0,26,30.0,0.917,7,3010.0
Steady Middle,37,5410.0,0.137,0.286,10.6,92.9,40,9300.0,0.363,25,5360.0
Budget-Conscious Saver,39,5040.0,0.289,0.111,3.6,37.46,31,3100.0,0.193,45,3180.0
Young Digital Spender,25,2360.0,0.065,0.665,25.8,24.53,58,730.0,0.279,27,2530.0
Steady Middle,35,5550.0,0.094,0.328,6.0,73.54,42,8870.0,0.402,17,4860.0
Young Digital Spender,25,4310.0,0.036,0.678,23.3,47.58,61,170.0,0.328,43,3730.0
Steady Middle,41,6660.0,0.184,0.33,7.6,61.98,36,8880.0,0.113,28,5280.0
High-Income Investor,40,15020.0,0.34,0.229,3.0,65.33,31,47870.0,0.031,53,11110.0
Budget-Conscious Saver,41,3040.0,0.31,0.271,3.4,61.96,29,4170.0,0.138,51,1870.0
High-Income Investor,52,15280.0,0.364,0.358,8.6,99.75,19,96850.0,0.048,11,10460.0
High-Income Investor,50,16070.0,0.381,0.437,4.3,138.61,23,88140.0,0.081,2,9190.0
Steady Middle,38,5750.0,0.069,0.272,8.8,77.62,32,11270.0,0.131,38,6130.0
Young Digital Spender,21,4070.0,0.015,0.481,22.0,49.41,50,40.0,0.497,13,3550.0
Young Digital Spender,22,4280.0,0.138,0.596,14.8,48.68,42,130.0,0.31,15,3480.0
Budget-Conscious Saver,32,5880.0,0.297,0.258,8.7,50.56,27,7000.0,0.198,30,3680.0
High-Income Investor,49,12900.0,0.254,0.277,5.6,94.34,22,126480.0,0.116,57,10010.0
Steady Middle,41,6210.0,0.15,0.295,2.8,67.37,26,4040.0,0.214,39,4930.0
High-Income Investor,54,8370.0,0.316,0.452,5.7,82.85,23,74620.0,0.0,50,4960.0
Steady Middle,28,7730.0,0.152,0.29,10.2,53.96,13,2170.0,0.248,46,7160.0
Budget-Conscious Saver,38,3840.0,0.329,0.269,3.2,51.35,19,1810.0,0.145,34,2670.0
Budget-Conscious Saver,35,5360.0,0.251,0.301,2.7,57.13,21,2030.0,0.172,45,4540.0
Young Digital Spender,21,4440.0,0.107,0.535,22.8,36.8,58,140.0,0.134,45,3940.0
Budget-Conscious Saver,39,5620.0,0.243,0.233,7.3,76.16,24,460.0,0.211,37,4260.0
Budget-Conscious Saver,31,4180.0,0.199,0.356,10.4,48.89,17,1010.0,0.215,26,3240.0
Credit-Reliant Household,28,4700.0,-0.025,0.274,11.1,45.95,37,140.0,0.615,32,5100.0
Young Digital Spender,20,3760.0,0.064,0.463,26.6,39.4,74,320.0,0.38,34,3240.0
Credit-Reliant Household,44,3910.0,-0.011,0.328,9.4,23.3,36,210.0,0.924,51,4010.0
Credit-Reliant Household,53,3370.0,0.064,0.347,7.7,53.01,25,170.0,0.511,47,3470.0
High-Income Investor,48,16920.0,0.226,0.34,4.1,61.48,9,124060.0,0.047,43,11900.0
Young Digital Spender,26,2250.0,0.094,0.577,14.6,60.9,41,70.0,0.267,21,1890.0
Young Digital Spender,23,2280.0,0.017,0.651,25.9,49.89,49,280.0,0.494,52,2030.0
Steady Middle,48,5830.0,0.105,0.321,8.5,40.88,21,6400.0,0.355,30,5400.0
Budget-Conscious Saver,34,3750.0,0.255,0.296,6.3,23.78,31,2780.0,0.256,36,3120.0
Young Digital Spender,26,2770.0,-0.054,0.548,26.0,42.45,59,120.0,0.295,20,3170.0
Budget-Conscious Saver,38,6140.0,0.172,0.243,9.4,57.46,32,4180.0,0.21,53,5580.0
Young Digital Spender,22,3500.0,0.005,0.599,21.9,29.59,56,320.0,0.232,35,3690.0
Budget-Conscious Saver,29,5960.0,0.357,0.279,8.5,44.67,21,2740.0,0.225,50,4240.0
Budget-Conscious Saver,38,5640.0,0.154,0.189,5.5,42.69,25,2890.0,0.122,47,4770.0
Young Digital Spender,25,4070.0,0.041,0.581,26.7,21.76,48,90.0,0.548,57,4090.0
Steady Middle,49,7010.0,0.096,0.348,8.8,59.42,16,13420.0,0.164,50,6040.0
Steady Middle,38,6370.0,0.093,0.398,11.4,29.2,32,13690.0,0.172,56,5710.0
Budget-Conscious Saver,26,4160.0,0.274,0.265,4.6,60.87,18,2260.0,0.218,51,2950.0
Young Digital Spender,22,4340.0,0.048,0.705,15.7,39.78,44,290.0,0.503,55,4540.0
Credit-Reliant Household,39,3470.0,-0.033,0.399,5.6,35.13,41,110.0,0.778,34,3130.0
Steady Middle,32,6280.0,0.106,0.334,10.6,60.1,27,1800.0,0.378,44,6280.0
Young Digital Spender,20,3870.0,0.057,0.665,16.8,40.67,40,60.0,0.196,12,3890.0
Credit-Reliant Household,34,4970.0,-0.039,0.417,6.7,22.74,39,30.0,0.755,59,5500.0
High-Income Investor,50,15550.0,0.371,0.235,1.7,69.58,20,102820.0,0.028,7,10210.0
Credit-Reliant Household,28,4220.0,0.014,0.451,6.7,31.42,29,160.0,0.744,56,3650.0
Young Digital Spender,25,4280.0,0.058,0.476,19.1,43.31,38,100.0,0.319,13,3600.0
Young Digital Spender,20,2810.0,0.072,0.518,22.7,16.92,69,190.0,0.408,59,2260.0
High-Income Investor,44,16560.0,0.28,0.313,8.7,65.91,16,92650.0,0.169,22,10590.0
High-Income Investor,38,8780.0,0.261,0.429,6.1,189.62,27,31840.0,0.002,52,6070.0
Credit-Reliant Household,33,2710.0,0.01,0.426,8.6,52.78,25,180.0,0.659,19,2310.0
Young Digital Spender,25,3470.0,0.049,0.446,27.3,42.72,54,130.0,0.447,50,3110.0
Young Digital Spender,22,3060.0,0.07,0.648,26.0,64.07,55,420.0,0.509,18,3230.0
Credit-Reliant Household,49,3120.0,-0.025,0.418,10.4,55.47,24,70.0,0.705,32,3080.0
Budget-Conscious Saver,36,3070.0,0.205,0.207,11.0,45.57,23,3770.0,0.237,6,2580.0
Budget-Conscious Saver,31,4380.0,0.248,0.283,2.4,84.55,28,520.0,0.222,9,2870.0
Credit-Reliant Household,32,4100.0,0.046,0.408,13.0,38.49,34,230.0,0.831,8,3800.0
Young Digital Spender,20,2470.0,0.102,0.586,11.2,68.78,38,120.0,0.402,39,2080.0
Credit-Reliant Household,33,3530.0,-0.093,0.493,10.2,58.17,23,310.0,0.882,27,4100.0
Steady Middle,41,6180.0,0.194,0.305,10.3,63.97,42,18650.0,0.135,2,5570.0
Young Digital Spender,26,2990.0,0.091,0.489,9.4,37.87,67,20.0,0.219,1,2740.0
Steady Middle,31,6700.0,0.126,0.281,7.9,30.2,27,4180.0,0.193,33,5550.0
Credit-Reliant Household,30,4510.0,0.014,0.359,8.3,52.6,45,30.0,0.533,18,3890.0
Credit-Reliant Household,53,4420.0,-0.06,0.342,8.6,17.62,20,140.0,0.654,10,4570.0
High-Income Investor,40,8060.0,0.287,0.369,8.1,214.76,25,48930.0,0.156,8,6120.0
Steady Middle,49,5930.0,0.07,0.464,12.6,34.97,17,7460.0,0.236,44,6240.0
Young Digital Spender,20,4370.0,-0.015,0.66,23.9,23.91,40,350.0,0.324,57,4920.0
Young Digital Spender,22,3980.0,-0.012,0.52,25.2,46.15,48,280.0,0.299,2,4620.0
Young Digital Spender,24,2780.0,0.057,0.657,22.3,38.32,36,240.0,0.418,31,2930.0
Steady Middle,30,6750.0,0.105,0.311,8.9,81.58,23,6710.0,0.228,57,6570.0
Budget-Conscious Saver,32,3100.0,0.314,0.226,4.2,50.29,21,590.0,0.262,42,2000.0
High-Income Investor,43,16260.0,0.308,0.345,4.1,212.73,10,50330.0,0.091,5,9900.0
Budget-Conscious Saver,35,5570.0,0.209,0.187,11.3,69.47,39,4890.0,0.237,48,4370.0
Budget-Conscious Saver,32,4520.0,0.237,0.209,5.5,78.98,21,3630.0,0.128,12,3170.0
Credit-Reliant Household,41,4400.0,0.013,0.535,4.4,32.82,27,20.0,0.924,58,4950.0
Young Digital Spender,25,2970.0,0.078,0.609,26.4,50.96,51,150.0,0.406,15,2880.0
Young Digital Spender,21,3600.0,0.062,0.607,12.7,26.95,43,140.0,0.384,15,3470.0
Young Digital Spender,26,2440.0,0.037,0.485,27.7,47.19,69,100.0,0.248,45,2360.0
Budget-Conscious Saver,34,3240.0,0.204,0.171,4.9,35.87,29,3780.0,0.247,9,2630.0
Young Digital Spender,26,3080.0,-0.012,0.651,19.7,35.18,57,220.0,0.566,51,3080.0
Steady Middle,41,6900.0,0.161,0.37,11.6,62.4,37,1680.0,0.397,53,6640.0
Steady Middle,27,7980.0,0.115,0.255,7.2,66.12,19,2130.0,0.308,46,6760.0
Young Digital Spender,25,4100.0,0.027,0.437,22.8,25.52,75,100.0,0.335,1,4420.0
Credit-Reliant Household,33,2980.0,-0.005,0.439,7.3,37.17,32,100.0,0.729,34,3010.0
Young Digital Spender,24,2370.0,0.048,0.559,23.2,40.91,72,260.0,0.328,25,2030.0
High-Income Investor,55,10120.0,0.336,0.427,5.6,142.13,25,30260.0,0.021,57,7090.0
Steady Middle,37,4220.0,0.117,0.404,10.9,61.75,21,5890.0,0.274,16,3420.0
Credit-Reliant Household,49,3030.0,0.021,0.472,12.8,28.85,40,200.0,0.7,13,2710.0
Credit-Reliant Household,40,2710.0,0.012,0.378,10.5,53.92,42,410.0,0.614,36,2510.0
Young Digital Spender,22,4490.0,-0.035,0.545,17.3,24.66,66,300.0,0.604,24,4050.0
Steady Middle,32,6660.0,0.221,0.378,5.3,52.49,17,11950.0,0.238,17,5680.0
High-Income Investor,52,16960.0,0.279,0.331,3.1,130.62,12,147140.0,0.068,58,11330.0
Steady Middle,35,4970.0,0.177,0.291,10.4,34.36,27,1930.0,0.315,49,4270.0
Budget-Conscious Saver,40,4480.0,0.237,0.231,8.2,68.73,23,4210.0,0.154,33,3910.0
High-Income Investor,47,9330.0,0.305,0.26,4.3,129.65,18,14420.0,0.105,22,6020.0
High-Income Investor,35,15280.0,0.253,0.469,4.3,144.28,13,11660.0,0.126,53,12430.0
Steady Middle,45,4960.0,0.116,0.363,6.0,57.1,32,1820.0,0.378,21,4240.0
Budget-Conscious Saver,30,5050.0,0.318,0.209,10.2,65.68,27,1300.0,0.163,39,3380.0
Budget-Conscious Saver,38,4400.0,0.32,0.189,10.7,62.17,29,2820.0,0.221,44,2870.0
Credit-Reliant Household,42,3650.0,-0.053,0.488,11.8,21.19,42,60.0,0.871,21,3670.0
Budget-Conscious Saver,37,5910.0,0.249,0.195,6.4,58.26,36,2920.0,0.165,31,4770.0
Young Digital Spender,23,3250.0,0.097,0.718,17.7,55.73,58,60.0,0.457,13,2550.0
Credit-Reliant Household,31,2610.0,-0.092,0.42,11.8,46.54,29,50.0,0.663,22,3020.0
Steady Middle,40,4180.0,0.058,0.289,6.6,53.83,31,8790.0,0.281,52,3590.0
High-Income Investor,46,15480.0,0.359,0.531,3.1,133.75,32,77260.0,0.153,8,10660.0
Budget-Conscious Saver,26,6180.0,0.326,0.193,7.8,57.85,32,3760.0,0.147,5,4090.0
Young Digital Spender,27,2280.0,0.032,0.574,13.4,40.41,45,250.0,0.221,56,2390.0
Credit-Reliant Household,48,4340.0,0.003,0.326,5.8,36.66,17,290.0,0.934,26,4940.0
Young Digital Spender,25,3720.0,0.126,0.403,24.5,48.23,75,510.0,0.532,48,2800.0
Steady Middle,42,6220.0,0.121,0.435,7.6,63.69,27,3220.0,0.284,54,6090.0
Credit-Reliant Household,43,4860.0,0.012,0.354,10.3,39.61,33,80.0,0.882,11,5110.0
Young Digital Spender,26,2270.0,0.062,0.554,22.5,58.01,51,180.0,0.231,9,1870.0
Steady Middle,40,4170.0,0.066,0.391,4.0,45.56,33,7230.0,0.37,18,3640.0
Young Digital Spender,24,3000.0,0.075,0.449,22.5,42.94,47,360.0,0.547,8,3100.0
Steady Middle,43,5830.0,0.1,0.379,7.7,82.56,31,7070.0,0.192,4,5280.0
High-Income Investor,41,15240.0,0.322,0.436,7.6,153.87,19,114410.0,0.0,58,10620.0
Steady Middle,46,4470.0,0.116,0.255,10.7,50.61,26,3700.0,0.407,42,3830.0
Budget-Conscious Saver,27,4640.0,0.259,0.277,8.3,49.51,25,2860.0,0.118,45,3480.0
Steady Middle,48,5760.0,0.148,0.395,10.8,29.68,25,6940.0,0.21,46,4300.0
Budget-Conscious Saver,36,4500.0,0.209,0.278,7.9,58.19,25,2550.0,0.233,24,3180.0
Steady Middle,34,7220.0,0.116,0.345,9.1,73.11,28,1870.0,0.368,1,5530.0
Steady Middle,47,7330.0,0.151,0.367,6.0,63.45,39,6310.0,0.307,36,5720.0
Budget-Conscious Saver,39,3040.0,0.24,0.227,5.4,26.38,23,2640.0,0.119,21,2200.0
Young Digital Spender,25,4470.0,0.04,0.554,17.8,71.88,48,420.0,0.373,18,4020.0
Credit-Reliant Household,49,4280.0,-0.066,0.277,9.7,49.77,45,40.0,0.831,31,5080.0
Budget-Conscious Saver,41,3790.0,0.338,0.325,12.6,63.06,27,1880.0,0.114,27,2520.0
Steady Middle,42,6770.0,0.105,0.391,6.7,44.92,34,4960.0,0.341,53,6410.0
Credit-Reliant Household,48,3590.0,-0.003,0.375,5.7,26.22,23,290.0,0.675,49,3820.0
Young Digital Spender,21,3500.0,0.038,0.669,19.9,55.7,40,410.0,0.395,56,3070.0
Credit-Reliant Household,49,2810.0,-0.018,0.357,15.0,25.91,27,130.0,0.777,27,3170.0
High-Income Investor,52,16520.0,0.344,0.335,3.4,176.08,17,55760.0,0.072,6,11960.0
Budget-Conscious Saver,41,5080.0,0.256,0.314,9.7,24.65,18,4920.0,0.246,55,3980.0
Steady Middle,43,7010.0,0.16,0.265,9.5,72.91,35,5250.0,0.418,34,5900.0
Steady Middle,40,7680.0,0.138,0.32,5.7,83.07,33,1490.0,0.348,4,5720.0
Steady Middle,48,6150.0,0.087,0.414,9.9,53.71,19,9050.0,0.265,47,5960.0
Steady Middle,48,5370.0,0.137,0.361,9.5,80.54,30,6220.0,0.331,52,4820.0
Steady Middle,33,4150.0,0.189,0.375,7.4,78.47,29,2170.0,0.161,30,3600.0
Credit-Reliant Household,48,4410.0,0.027,0.49,5.7,23.31,33,150.0,0.634,6,3850.0
Budget-Conscious Saver,35,5300.0,0.26,0.27,4.4,81.62,30,1520.0,0.096,18,4000.0
High-Income Investor,56,17060.0,0.212,0.428,4.3,148.76,12,80860.0,0.118,38,13740.0
Steady Middle,39,6580.0,0.14,0.329,8.4,80.64,33,6530.0,0.26,40,6300.0
Steady Middle,30,7280.0,0.154,0.177,10.6,79.12,31,10540.0,0.358,16,6600.0
Credit-Reliant Household,33,2760.0,0.078,0.433,7.0,25.28,29,270.0,0.654,35,2810.0
High-Income Investor,48,10520.0,0.34,0.296,2.6,104.93,16,45810.0,0.027,41,6170.0
Steady Middle,33,4820.0,0.246,0.372,6.6,44.31,42,11880.0,0.388,50,3330.0
Credit-Reliant Household,50,4900.0,0.033,0.388,6.3,35.96,29,20.0,0.714,41,4750.0
Budget-Conscious Saver,38,6420.0,0.229,0.183,7.1,33.73,14,1160.0,0.143,26,5440.0
Budget-Conscious Saver,33,5310.0,0.319,0.254,7.3,43.26,33,490.0,0.277,44,3680.0
Budget-Conscious Saver,41,5150.0,0.337,0.24,5.1,25.05,31,1670.0,0.184,5,3000.0
High-Income Investor,44,10220.0,0.381,0.326,7.6,126.28,19,44260.0,0.059,10,6250.0
Steady Middle,38,5140.0,0.103,0.403,12.1,59.54,27,8960.0,0.323,21,4120.0
High-Income Investor,57,13650.0,0.43,0.348,7.3,140.45,24,143760.0,0.069,5,7740.0
Budget-Conscious Saver,32,4600.0,0.291,0.209,4.5,37.41,20,2400.0,0.223,1,3580.0
Credit-Reliant Household,31,3430.0,-0.012,0.342,8.6,24.12,41,150.0,0.513,44,3460.0
Budget-Conscious Saver,25,6180.0,0.205,0.325,11.6,42.73,30,4000.0,0.228,38,5490.0
High-Income Investor,37,9750.0,0.404,0.281,6.2,91.66,18,64340.0,0.166,24,5710.0
Steady Middle,39,6350.0,0.106,0.294,4.3,75.69,34,10910.0,0.125,7,5180.0
Young Digital Spender,24,2550.0,0.045,0.677,12.6,34.05,65,30.0,0.265,21,2290.0
Credit-Reliant Household,53,3090.0,0.004,0.418,4.6,34.04,28,160.0,0.631,49,2710.0
High-Income Investor,35,13810.0,0.188,0.371,4.9,128.74,13,105420.0,0.11,47,11460.0
Credit-Reliant Household,32,3450.0,0.004,0.41,6.9,53.32,23,300.0,1.0,13,3260.0
Budget-Conscious Saver,38,3930.0,0.31,0.181,8.9,60.39,25,1920.0,0.221,32,2430.0
Budget-Conscious Saver,35,4160.0,0.263,0.326,6.5,66.32,12,420.0,0.133,56,2950.0
Budget-Conscious Saver,32,5780.0,0.265,0.174,4.0,66.79,26,630.0,0.12,17,3640.0
High-Income Investor,43,12580.0,0.297,0.425,5.3,182.58,15,80160.0,0.028,39,8700.0
Budget-Conscious Saver,40,4730.0,0.327,0.261,9.7,12.34,15,760.0,0.177,47,3510.0
High-Income Investor,53,16770.0,0.256,0.226,7.3,93.8,27,59180.0,0.121,45,11650.0
Steady Middle,35,4060.0,0.131,0.219,6.6,47.63,21,5980.0,0.189,16,3370.0
High-Income Investor,38,14410.0,0.279,0.187,7.1,87.77,19,189680.0,0.0,39,10060.0
Steady Middle,43,7240.0,0.034,0.331,9.9,54.34,22,8880.0,0.285,32,6170.0
Budget-Conscious Saver,25,5190.0,0.352,0.184,4.5,54.52,14,4070.0,0.204,39,3460.0
Young Digital Spender,26,2390.0,0.066,0.614,14.2,10.47,47,30.0,0.328,50,2170.0
High-Income Investor,48,14570.0,0.273,0.342,6.1,103.2,16,136090.0,0.02,59,10300.0
Steady Middle,39,7160.0,0.158,0.337,10.3,29.2,14,3230.0,0.18,6,6020.0
Budget-Conscious Saver,32,3920.0,0.207,0.254,9.1,68.48,21,5600.0,0.235,38,2960.0
Budget-Conscious Saver,40,4900.0,0.259,0.273,4.7,30.87,37,3430.0,0.134,34,3640.0
Young Digital Spender,20,3690.0,0.048,0.625,22.7,20.8,42,330.0,0.278,7,3120.0
Budget-Conscious Saver,25,4160.0,0.354,0.227,8.3,30.77,15,3850.0,0.256,19,2340.0
Steady Middle,31,7960.0,0.13,0.37,11.6,59.63,42,4710.0,0.396,7,6490.0
Young Digital Spender,21,3860.0,0.053,0.59,13.0,34.49,57,40.0,0.297,26,3240.0
Young Digital Spender,26,3100.0,0.065,0.706,18.0,62.19,42,520.0,0.434,29,3050.0
Steady Middle,36,4160.0,0.151,0.319,7.0,66.17,37,5950.0,0.156,12,3900.0
Young Digital Spender,25,4010.0,0.006,0.58,14.9,25.46,64,180.0,0.59,36,4090.0
High-Income Investor,50,12200.0,0.213,0.439,3.5,85.48,22,87530.0,0.0,15,9090.0
Credit-Reliant Household,34,3800.0,0.041,0.436,9.8,17.58,32,30.0,0.814,37,3800.0
Young Digital Spender,20,4280.0,0.07,0.406,20.4,34.93,61,590.0,0.162,20,3620.0
Steady Middle,44,7560.0,0.152,0.402,8.3,60.67,35,7040.0,0.284,43,7060.0
Steady Middle,32,4440.0,0.11,0.308,12.5,16.96,18,11200.0,0.231,48,4380.0
Steady Middle,26,7560.0,0.189,0.356,8.3,42.55,27,2360.0,0.33,44,6020.0
Steady Middle,41,7560.0,0.137,0.332,11.6,76.24,39,13310.0,0.209,58,6060.0
Budget-Conscious Saver,26,4060.0,0.159,0.161,4.3,50.94,18,2810.0,0.274,34,3720.0
High-Income Investor,51,15370.0,0.267,0.481,6.2,67.99,11,52850.0,0.111,40,10010.0
Credit-Reliant Household,48,2680.0,-0.018,0.317,14.5,37.58,39,40.0,0.896,51,2860.0
Young Digital Spender,27,3470.0,0.106,0.714,17.0,52.52,60,190.0,0.391,32,2860.0
Steady Middle,34,7280.0,0.084,0.379,10.5,59.74,29,5490.0,0.369,27,6090.0
Young Digital Spender,24,3390.0,0.097,0.61,25.4,37.67,47,480.0,0.53,34,2860.0
Credit-Reliant Household,52,4110.0,-0.011,0.547,10.6,43.18,32,10.0,0.706,30,4710.0
Budget-Conscious Saver,37,3180.0,0.204,0.163,7.5,60.19,30,3470.0,0.203,11,2850.0
Young Digital Spender,27,4060.0,0.007,0.656,17.4,64.45,58,290.0,0.374,23,3490.0
Budget-Conscious Saver,27,4380.0,0.282,0.148,10.0,35.37,37,1340.0,0.194,53,2960.0
High-Income Investor,44,14860.0,0.245,0.277,7.4,165.26,25,105480.0,0.018,48,10360.0
Budget-Conscious Saver,31,5590.0,0.192,0.138,6.9,61.04,35,2080.0,0.146,49,5180.0
Credit-Reliant Household,50,3480.0,-0.072,0.311,6.8,39.76,41,80.0,0.895,22,3340.0
High-Income Investor,44,10440.0,0.32,0.457,6.5,91.22,12,42450.0,0.124,54,7180.0
High-Income Investor,48,12040.0,0.326,0.474,7.0,182.19,28,29090.0,0.07,41,9000.0
Young Digital Spender,21,3980.0,-0.012,0.659,23.1,46.89,47,210.0,0.312,15,4150.0
Budget-Conscious Saver,27,5620.0,0.274,0.247,6.4,36.66,29,2850.0,0.169,15,3900.0
Young Digital Spender,20,4380.0,0.034,0.645,27.3,61.39,42,50.0,0.349,10,4220.0
Young Digital Spender,22,4000.0,0.019,0.498,16.1,44.38,41,90.0,0.243,40,4290.0
Credit-Reliant Household,47,3970.0,-0.025,0.369,9.2,61.51,36,90.0,0.714,19,3550.0
Credit-Reliant Household,52,3070.0,-0.044,0.389,7.6,28.21,39,240.0,0.591,42,3430.0
Steady Middle,49,4600.0,0.137,0.345,9.0,47.3,32,6550.0,0.351,51,4260.0
Credit-Reliant Household,43,3840.0,0.059,0.314,12.2,20.9,25,170.0,0.6,57,3810.0
High-Income Investor,54,17630.0,0.37,0.337,5.0,186.55,26,78190.0,0.045,32,10070.0
Steady Middle,32,7050.0,0.081,0.222,9.0,57.82,22,6100.0,0.319,23,5890.0
Credit-Reliant Household,41,3170.0,-0.016,0.262,11.2,26.72,24,340.0,0.809,48,3690.0
Young Digital Spender,22,2340.0,0.025,0.713,17.4,47.79,43,210.0,0.268,12,2410.0
High-Income Investor,42,15130.0,0.394,0.416,4.4,123.4,20,132020.0,0.076,51,9780.0
Credit-Reliant Household,38,4790.0,-0.042,0.375,8.8,35.1,17,310.0,0.813,37,4910.0
Young Digital Spender,22,3700.0,0.045,0.445,19.5,13.89,36,230.0,0.442,39,3090.0
Young Digital Spender,21,2860.0,0.062,0.65,19.0,39.83,68,240.0,0.244,51,3040.0
Young Digital Spender,23,3740.0,0.02,0.583,25.6,37.19,66,270.0,0.463,34,4140.0
Credit-Reliant Household,42,4530.0,0.098,0.383,10.9,27.48,37,160.0,0.818,12,4190.0
Steady Middle,47,6450.0,0.148,0.379,12.7,68.03,17,9620.0,0.277,39,4700.0
Steady Middle,29,6470.0,0.086,0.365,13.9,74.12,33,5710.0,0.27,22,6780.0
Steady Middle,26,7160.0,0.144,0.454,10.6,69.37,38,9020.0,0.231,42,6090.0
Young Digital Spender,23,3510.0,0.021,0.604,26.7,16.59,55,10.0,0.412,55,3570.0
Steady Middle,42,5890.0,0.123,0.315,4.4,52.37,24,8010.0,0.278,4,5510.0
Young Digital Spender,22,2720.0,0.073,0.576,19.4,71.3,66,450.0,0.291,2,2700.0
High-Income Investor,36,17440.0,0.176,0.308,6.6,168.36,21,29030.0,0.127,38,12430.0
Credit-Reliant Household,39,3720.0,0.004,0.455,6.1,56.18,43,30.0,0.715,38,3990.0
Young Digital Spender,25,3200.0,0.03,0.663,16.0,21.51,40,60.0,0.471,36,2860.0
Young Digital Spender,27,2370.0,0.018,0.432,29.6,51.02,59,200.0,0.506,49,2100.0
Budget-Conscious Saver,25,6110.0,0.343,0.247,5.3,48.16,21,6280.0,0.222,58,3650.0
Credit-Reliant Household,44,4100.0,0.008,0.443,9.3,38.54,35,210.0,0.979,18,3460.0
Credit-Reliant Household,36,4720.0,-0.019,0.393,14.5,38.29,33,80.0,0.888,15,4150.0
Young Digital Spender,21,3420.0,0.08,0.688,23.4,46.86,49,440.0,0.438,40,2990.0
Budget-Conscious Saver,36,5850.0,0.327,0.171,3.5,35.82,28,4620.0,0.106,6,4180.0
Steady Middle,42,4920.0,0.141,0.387,9.1,39.77,24,7340.0,0.363,22,3830.0
Credit-Reliant Household,44,3280.0,0.037,0.524,5.6,43.45,39,250.0,0.902,30,3120.0
Young Digital Spender,22,4410.0,0.015,0.544,15.0,62.98,37,320.0,0.42,7,4970.0
Budget-Conscious Saver,30,5200.0,0.213,0.26,7.3,80.68,31,1590.0,0.178,43,4650.0
Young Digital Spender,21,3790.0,0.088,0.623,20.0,48.85,74,530.0,0.424,3,3080.0
Credit-Reliant Household,35,3900.0,0.027,0.43,4.0,27.36,34,70.0,0.58,54,4250.0
Steady Middle,47,7230.0,0.117,0.268,12.9,81.03,22,5480.0,0.343,16,5580.0
Credit-Reliant Household,49,4590.0,0.042,0.435,8.7,67.96,25,340.0,0.586,41,3910.0
High-Income Investor,43,15130.0,0.222,0.407,6.2,205.96,28,52960.0,0.142,10,10500.0
Young Digital Spender,20,2410.0,0.008,0.413,15.1,41.68,53,270.0,0.259,24,2260.0
Steady Middle,43,4710.0,0.096,0.344,10.0,42.76,24,10990.0,0.258,53,4720.0
High-Income Investor,37,12710.0,0.212,0.352,9.2,156.34,24,108430.0,0.07,3,9290.0
Steady Middle,49,6180.0,0.196,0.361,11.8,51.53,22,5140.0,0.196,9,4560.0
Credit-Reliant Household,54,2900.0,0.0,0.325,12.3,38.09,35,260.0,0.78,36,3130.0
High-Income Investor,52,11270.0,0.391,0.479,5.5,195.65,10,31220.0,0.143,22,6340.0
High-Income Investor,48,17710.0,0.387,0.366,4.0,125.23,18,47550.0,0.064,36,11330.0
Budget-Conscious Saver,33,4610.0,0.145,0.18,5.5,30.46,29,1750.0,0.138,2,3810.0
Young Digital Spender,21,3040.0,0.047,0.691,12.6,41.26,58,460.0,0.216,49,2890.0
Budget-Conscious Saver,41,4450.0,0.22,0.244,7.7,57.9,24,900.0,0.215,33,3280.0
Credit-Reliant Household,31,3730.0,0.001,0.47,8.0,42.27,29,100.0,0.783,46,3470.0
High-Income Investor,47,8960.0,0.243,0.457,6.7,127.45,7,73000.0,0.106,33,6360.0
Budget-Conscious Saver,31,6360.0,0.294,0.192,3.6,32.91,22,4260.0,0.153,15,4460.0
Steady Middle,48,7690.0,0.094,0.438,9.2,84.72,23,7390.0,0.239,50,7630.0
Steady Middle,43,5460.0,0.117,0.313,7.5,42.73,28,5230.0,0.44,35,4640.0
High-Income Investor,50,9960.0,0.193,0.445,6.5,211.27,9,111050.0,0.081,31,7360.0
Credit-Reliant Household,32,3310.0,-0.007,0.467,6.9,28.89,44,240.0,0.912,27,3710.0
Young Digital Spender,22,3850.0,0.059,0.576,13.0,35.57,38,280.0,0.265,29,3860.0
Young Digital Spender,20,2660.0,0.046,0.51,19.5,42.53,47,540.0,0.259,30,2770.0
Steady Middle,32,5610.0,0.103,0.366,7.2,41.62,33,9400.0,0.38,5,5590.0
Credit-Reliant Household,47,3040.0,0.077,0.315,14.5,23.96,36,200.0,0.846,26,2900.0
Young Digital Spender,26,4020.0,0.054,0.66,19.1,50.05,37,390.0,0.421,15,3610.0
Budget-Conscious Saver,41,3200.0,0.293,0.267,8.8,56.55,25,4060.0,0.02,18,2190.0
Credit-Reliant Household,48,2910.0,0.022,0.387,3.9,44.56,26,200.0,0.638,32,2790.0
Budget-Conscious Saver,28,5320.0,0.273,0.142,6.7,75.69,26,3780.0,0.089,22,3570.0
Credit-Reliant Household,49,4040.0,-0.053,0.397,8.6,52.7,48,90.0,0.949,25,4540.0
Steady Middle,35,5080.0,0.117,0.443,9.8,32.84,21,11180.0,0.43,9,4220.0
High-Income Investor,38,8980.0,0.256,0.408,10.0,140.54,17,22670.0,0.085,36,5920.0
Young Digital Spender,20,3820.0,-0.049,0.547,27.9,36.02,39,390.0,0.383,22,3890.0
Steady Middle,44,5530.0,0.141,0.383,6.7,56.57,33,12730.0,0.135,56,5180.0
Credit-Reliant Household,35,4810.0,-0.016,0.371,8.0,26.54,28,140.0,0.905,45,5080.0
Budget-Conscious Saver,35,5410.0,0.253,0.307,10.6,84.35,31,4330.0,0.134,8,4250.0
Credit-Reliant Household,50,3670.0,0.076,0.418,15.4,44.09,34,10.0,0.811,34,3160.0
Budget-Conscious Saver,32,5750.0,0.318,0.28,7.5,39.87,36,2150.0,0.151,7,4410.0
Steady Middle,45,6330.0,0.13,0.306,3.3,73.02,41,12250.0,0.266,49,5380.0
Budget-Conscious Saver,28,3880.0,0.293,0.234,7.2,53.04,27,3420.0,0.1,40,2980.0
Steady Middle,46,4870.0,0.2,0.27,6.9,58.02,35,1320.0,0.369,2,3840.0
Steady Middle,48,4650.0,0.145,0.282,4.4,73.11,38,6050.0,0.285,50,4020.0
Young Digital Spender,26,2970.0,0.038,0.594,14.2,16.36,46,430.0,0.393,45,2690.0
Steady Middle,35,4380.0,0.127,0.334,10.2,36.19,23,14040.0,0.313,5,3580.0
Steady Middle,47,5020.0,0.13,0.301,10.2,52.94,19,6830.0,0.285,4,4140.0
Steady Middle,36,7410.0,0.087,0.341,7.7,72.81,27,2420.0,0.404,25,7030.0
Young Digital Spender,26,2670.0,0.053,0.584,21.2,27.7,41,440.0,0.387,21,2350.0
Budget-Conscious Saver,31,4690.0,0.209,0.293,6.1,41.29,30,1020.0,0.274,26,3270.0
Young Digital Spender,23,2890.0,0.066,0.595,21.6,33.05,47,410.0,0.581,58,2590.0
Young Digital Spender,20,2290.0,0.02,0.631,12.4,36.4,71,270.0,0.338,39,2570.0
High-Income Investor,52,16650.0,0.226,0.352,4.8,151.47,18,91950.0,0.077,59,13870.0
High-Income Investor,42,14250.0,0.352,0.477,7.1,135.01,22,70420.0,0.038,30,10610.0
Steady Middle,39,7740.0,0.144,0.356,8.6,52.37,35,2690.0,0.326,17,7060.0
Credit-Reliant Household,48,3340.0,-0.049,0.341,10.1,57.22,41,350.0,1.0,17,3110.0
Steady Middle,32,6910.0,0.184,0.363,3.2,80.45,19,4850.0,0.239,5,6270.0
Young Digital Spender,20,3800.0,-0.023,0.542,26.5,29.37,50,350.0,0.446,28,4290.0
Steady Middle,29,5170.0,0.155,0.384,9.3,69.64,34,3450.0,0.303,48,4980.0
Young Digital Spender,22,2370.0,-0.017,0.601,26.6,6.73,61,270.0,0.45,56,2530.0
Steady Middle,42,6320.0,0.144,0.24,8.9,59.4,25,7910.0,0.294,15,5570.0
High-Income Investor,35,16420.0,0.403,0.235,9.3,215.84,18,31280.0,0.151,34,8510.0
Credit-Reliant Household,50,3050.0,-0.066,0.476,9.3,69.29,31,200.0,0.891,24,2790.0
Young Digital Spender,20,2230.0,0.015,0.719,14.0,19.36,45,150.0,0.459,33,2380.0
Young Digital Spender,21,2520.0,0.037,0.68,22.6,37.27,51,90.0,0.303,25,2280.0
Steady Middle,29,5170.0,0.093,0.426,10.9,44.05,37,5940.0,0.324,30,4260.0
Budget-Conscious Saver,31,4190.0,0.29,0.283,3.7,34.7,25,980.0,0.056,54,3380.0
Young Digital Spender,22,2440.0,0.08,0.561,20.5,44.28,37,510.0,0.3,16,2210.0
Steady Middle,36,5940.0,0.137,0.353,9.6,59.79,38,6090.0,0.179,27,5580.0
Budget-Conscious Saver,33,6080.0,0.201,0.297,9.7,58.34,27,1580.0,0.098,12,5030.0
High-Income Investor,39,11200.0,0.312,0.442,2.1,86.97,21,131930.0,0.0,14,7470.0
Steady Middle,44,6310.0,0.184,0.364,7.7,36.13,21,4670.0,0.318,8,4430.0
Budget-Conscious Saver,38,4650.0,0.243,0.162,11.7,65.07,42,1650.0,0.138,13,3540.0
Young Digital Spender,27,3710.0,-0.007,0.683,22.8,33.37,35,30.0,0.495,3,4150.0
High-Income Investor,46,15370.0,0.265,0.438,5.2,144.26,19,47970.0,0.091,43,10320.0
Young Digital Spender,23,2320.0,0.074,0.55,19.6,23.83,58,100.0,0.335,52,2440.0
Credit-Reliant Household,29,3680.0,-0.045,0.407,14.4,31.78,25,130.0,0.877,31,4420.0
Steady Middle,32,7210.0,0.08,0.307,7.3,46.93,38,5180.0,0.227,27,7250.0
Steady Middle,30,6610.0,0.133,0.238,6.5,42.25,24,1010.0,0.189,34,5530.0
Budget-Conscious Saver,38,3640.0,0.208,0.178,7.1,51.14,30,510.0,0.09,18,2860.0
Young Digital Spender,21,3110.0,0.051,0.645,21.4,20.18,54,250.0,0.302,45,2950.0
Steady Middle,37,4080.0,0.093,0.434,6.0,63.85,50,3810.0,0.443,44,3900.0
Budget-Conscious Saver,27,6060.0,0.269,0.302,5.5,36.87,22,1700.0,0.25,21,4710.0
Young Digital Spender,22,4320.0,0.056,0.717,13.7,59.59,49,440.0,0.395,59,4260.0
Budget-Conscious Saver,28,3660.0,0.225,0.201,10.9,52.52,33,4590.0,0.187,11,2580.0
Steady Middle,31,5720.0,0.081,0.326,6.7,26.2,14,7300.0,0.206,45,5480.0
Budget-Conscious Saver,25,3310.0,0.228,0.202,4.4,52.12,24,2340.0,0.109,9,2540.0
High-Income Investor,39,12740.0,0.308,0.387,7.9,216.04,24,65890.0,0.043,56,9390.0
Young Digital Spender,21,2550.0,0.07,0.59,23.8,15.19,68,70.0,0.25,28,2180.0
Young Digital Spender,27,2240.0,0.077,0.503,14.2,39.47,55,340.0,0.336,28,2220.0
High-Income Investor,48,9120.0,0.244,0.388,4.8,119.98,9,77210.0,0.101,49,6340.0
Young Digital Spender,22,3680.0,0.082,0.65,21.0,62.49,60,60.0,0.328,56,3350.0
Steady Middle,43,7790.0,0.219,0.305,7.7,73.9,38,8390.0,0.262,37,6160.0
Steady Middle,45,6520.0,0.086,0.414,5.7,64.91,32,980.0,0.114,11,6130.0
Credit-Reliant Household,41,3580.0,0.012,0.411,9.2,41.25,36,20.0,0.705,16,3090.0
Young Digital Spender,27,3260.0,0.08,0.604,25.6,9.63,40,140.0,0.463,17,2660.0
Steady Middle,29,4900.0,0.168,0.324,7.4,37.52,23,12320.0,0.378,17,4580.0
Credit-Reliant Household,28,3290.0,-0.025,0.423,6.7,31.79,35,20.0,0.75,16,3650.0
High-Income Investor,42,16010.0,0.341,0.313,6.6,128.72,26,26040.0,0.144,42,11030.0
Young Digital Spender,20,2420.0,0.048,0.691,13.1,56.45,36,290.0,0.33,35,2530.0
Steady Middle,26,7870.0,0.084,0.232,8.8,88.73,36,4570.0,0.424,56,6820.0
Budget-Conscious Saver,28,5740.0,0.359,0.174,3.4,55.81,21,6240.0,0.121,15,3940.0
Young Digital Spender,27,3310.0,0.078,0.452,17.6,55.48,54,190.0,0.534,15,3200.0
Credit-Reliant Household,47,4680.0,-0.072,0.425,7.1,28.99,24,150.0,0.788,58,4360.0
Steady Middle,42,4320.0,0.095,0.38,7.1,62.69,22,1000.0,0.288,34,3830.0
Steady Middle,31,6490.0,0.079,0.421,9.9,49.72,35,7400.0,0.072,37,6460.0
Credit-Reliant Household,37,3690.0,0.02,0.482,13.8,58.42,22,210.0,0.689,30,3780.0
Young Digital Spender,21,4180.0,0.025,0.522,18.9,55.39,41,350.0,0.297,12,4060.0
Young Digital Spender,26,3010.0,0.094,0.482,26.7,20.5,42,280.0,0.349,10,2610.0
Budget-Conscious Saver,28,4170.0,0.236,0.143,5.7,93.28,25,1410.0,0.124,18,3660.0
Credit-Reliant Household,51,2970.0,-0.025,0.341,9.9,16.2,33,120.0,0.753,30,3040.0
Credit-Reliant Household,49,4150.0,-0.053,0.324,7.4,39.3,45,460.0,0.896,53,4020.0
Young Digital Spender,26,3280.0,0.012,0.67,29.2,27.2,66,20.0,0.402,7,3640.0
Credit-Reliant Household,54,4140.0,0.011,0.309,9.3,46.68,43,40.0,0.912,44,3960.0
Young Digital Spender,24,2540.0,0.017,0.566,13.1,33.21,47,410.0,0.302,52,2480.0
High-Income Investor,36,9460.0,0.199,0.277,6.5,100.93,18,128440.0,0.0,37,6900.0
Young Digital Spender,26,3410.0,-0.002,0.515,30.3,28.65,48,120.0,0.41,8,3440.0
High-Income Investor,36,13930.0,0.209,0.364,9.1,186.21,15,59570.0,0.0,1,10450.0
Young Digital Spender,25,4410.0,0.048,0.618,22.8,38.85,50,130.0,0.231,21,4170.0
Young Digital Spender,25,4180.0,-0.043,0.693,24.8,36.23,64,140.0,0.55,20,4770.0
Steady Middle,42,4250.0,0.036,0.421,11.8,94.43,25,4810.0,0.294,35,3990.0
Steady Middle,29,8000.0,0.143,0.302,9.0,40.51,35,10740.0,0.288,23,5900.0
Young Digital Spender,21,2390.0,0.04,0.473,16.6,51.64,56,350.0,0.424,32,2550.0
Young Digital Spender,25,2620.0,0.034,0.646,25.1,30.61,60,60.0,0.456,24,2600.0
Credit-Reliant Household,32,3290.0,0.032,0.445,10.2,31.67,42,240.0,0.86,48,2760.0
Steady Middle,33,4740.0,0.129,0.325,10.0,39.03,31,5180.0,0.12,43,3830.0
Steady Middle,40,7950.0,0.151,0.279,8.6,57.74,22,4920.0,0.275,37,7010.0
Steady Middle,42,7640.0,0.134,0.347,8.7,77.4,22,6420.0,0.264,53,7430.0
Young Digital Spender,22,2690.0,-0.028,0.676,11.5,42.65,68,10.0,0.267,48,2690.0
Steady Middle,27,6090.0,0.139,0.364,7.5,29.83,39,4560.0,0.267,38,4970.0
Credit-Reliant Household,33,3390.0,-0.0,0.384,4.8,13.63,36,300.0,0.927,29,3420.0
Credit-Reliant Household,42,4310.0,-0.034,0.455,12.5,29.01,38,90.0,0.82,47,4240.0
Steady Middle,49,4120.0,0.179,0.437,10.2,46.36,36,5160.0,0.317,53,3430.0
Steady Middle,30,7610.0,0.091,0.358,14.2,77.11,36,6140.0,0.279,26,7630.0
Young Digital Spender,20,2930.0,0.096,0.572,19.2,33.78,64,340.0,0.543,47,2570.0
Credit-Reliant Household,45,2860.0,-0.002,0.442,5.8,41.88,38,270.0,0.842,1,2820.0
Budget-Conscious Saver,35,3070.0,0.327,0.317,5.9,51.44,24,2590.0,0.224,20,2140.0
Credit-Reliant Household,30,2500.0,0.049,0.49,7.1,39.83,33,120.0,0.695,55,2200.0
Steady Middle,47,4910.0,0.202,0.285,4.5,44.45,29,9800.0,0.37,24,3710.0
Young Digital Spender,26,3210.0,0.062,0.568,15.2,30.09,66,170.0,0.353,23,3120.0
Budget-Conscious Saver,29,3240.0,0.264,0.195,5.4,46.39,29,2170.0,0.283,9,2730.0
Steady Middle,27,4680.0,0.112,0.292,9.5,57.0,22,9960.0,0.32,34,3740.0
Young Digital Spender,21,2620.0,0.059,0.548,28.3,5.0,48,140.0,0.349,51,2780.0
Steady Middle,39,4600.0,0.153,0.32,8.2,57.53,38,2680.0,0.25,45,3530.0
Young Digital Spender,21,4350.0,-0.006,0.386,12.5,19.78,70,130.0,0.257,34,4730.0
Credit-Reliant Household,40,3530.0,0.003,0.401,4.4,26.05,43,250.0,0.778,57,3810.0
Budget-Conscious Saver,35,4060.0,0.313,0.144,6.5,66.51,31,1770.0,0.304,33,2720.0
Steady Middle,30,6570.0,0.113,0.377,8.3,58.63,30,5790.0,0.478,40,6340.0
Budget-Conscious Saver,39,3530.0,0.34,0.298,4.5,38.07,32,480.0,0.136,17,2360.0
Young Digital Spender,26,3160.0,0.034,0.595,28.6,60.92,60,440.0,0.404,1,2640.0
Steady Middle,41,4210.0,0.107,0.261,6.8,35.95,33,8590.0,0.336,51,3630.0
Budget-Conscious Saver,39,6380.0,0.295,0.188,5.8,72.43,17,2570.0,0.195,42,3930.0
Steady Middle,46,7970.0,0.102,0.366,11.2,34.71,29,11190.0,0.205,46,8000.0
Steady Middle,28,4100.0,0.151,0.304,6.1,74.13,23,3400.0,0.282,45,3560.0
Steady Middle,45,4870.0,0.148,0.286,9.0,81.51,33,10620.0,0.221,53,3880.0
Steady Middle,48,6170.0,0.105,0.297,5.3,61.38,18,1310.0,0.343,38,5400.0
Credit-Reliant Household,47,3040.0,-0.073,0.414,7.3,38.08,36,20.0,0.718,9,2900.0
Budget-Conscious Saver,32,4300.0,0.272,0.336,6.3,64.58,27,1390.0,0.046,26,2990.0
Steady Middle,37,6440.0,0.183,0.428,10.6,60.1,25,2170.0,0.276,36,4880.0
Budget-Conscious Saver,36,6500.0,0.227,0.274,13.1,38.48,31,1590.0,0.067,43,4830.0
Steady Middle,33,5400.0,0.153,0.27,10.8,71.51,27,8790.0,0.175,19,4190.0
Steady Middle,35,5230.0,0.15,0.342,6.3,61.38,30,9670.0,0.273,30,3910.0
Steady Middle,41,7300.0,0.039,0.401,6.2,83.87,19,3320.0,0.204,46,6420.0
High-Income Investor,57,8710.0,0.374,0.299,5.7,205.48,11,78110.0,0.131,25,5820.0
Steady Middle,45,4770.0,0.198,0.327,9.1,84.99,42,10580.0,0.331,29,3290.0
Budget-Conscious Saver,39,4640.0,0.289,0.312,6.9,44.63,29,2230.0,0.173,48,3580.0
High-Income Investor,52,17560.0,0.295,0.332,10.1,148.98,23,120840.0,0.026,36,12480.0
Budget-Conscious Saver,31,6410.0,0.243,0.179,6.7,45.42,21,1100.0,0.162,55,5040.0
Steady Middle,49,5090.0,0.029,0.385,10.8,71.35,34,3190.0,0.309,13,4970.0
Young Digital Spender,22,2550.0,0.08,0.474,13.6,15.71,51,60.0,0.442,45,2230.0
Credit-Reliant Household,54,4340.0,-0.044,0.367,4.8,21.53,40,80.0,0.732,33,4150.0
Steady Middle,26,7350.0,0.139,0.379,10.7,43.39,27,12960.0,0.116,58,6720.0
High-Income Investor,39,10280.0,0.288,0.316,5.9,182.73,14,65680.0,0.057,22,7300.0
Young Digital Spender,20,2360.0,0.017,0.507,24.2,69.06,49,130.0,0.381,2,1980.0
Steady Middle,28,6150.0,0.132,0.36,11.1,65.25,33,6470.0,0.351,26,5010.0
High-Income Investor,40,16990.0,0.254,0.315,5.7,97.7,18,44080.0,0.038,45,13290.0
High-Income Investor,36,16580.0,0.235,0.27,5.5,133.78,11,142960.0,0.0,45,13730.0
Credit-Reliant Household,36,3680.0,0.016,0.412,8.3,37.86,33,200.0,0.955,4,3560.0
Steady Middle,29,4560.0,0.162,0.414,8.2,47.56,40,2500.0,0.326,56,4250.0
Steady Middle,29,5860.0,0.086,0.312,6.7,77.34,34,14930.0,0.391,22,4640.0
Credit-Reliant Household,43,4250.0,-0.034,0.295,8.5,31.41,23,130.0,0.597,20,4650.0
Steady Middle,36,7320.0,0.092,0.352,2.2,52.16,39,3660.0,0.251,16,7560.0
Budget-Conscious Saver,27,3260.0,0.141,0.264,9.0,57.71,26,1290.0,0.248,48,2540.0
High-Income Investor,52,17450.0,0.289,0.221,8.8,159.33,25,24430.0,0.063,52,11190.0
Steady Middle,44,7040.0,0.159,0.316,9.5,87.35,28,10310.0,0.254,49,6260.0
Budget-Conscious Saver,35,3040.0,0.207,0.139,0.9,46.89,25,7180.0,0.05,9,2640.0
Steady Middle,45,6380.0,0.117,0.387,9.6,24.8,35,8920.0,0.24,13,5730.0
Budget-Conscious Saver,25,4460.0,0.237,0.32,3.2,28.7,24,2930.0,0.094,22,3430.0
Young Digital Spender,21,3620.0,0.065,0.481,19.0,9.54,58,50.0,0.389,56,3180.0
Budget-Conscious Saver,31,4020.0,0.272,0.126,4.3,46.51,16,3270.0,0.188,50,3290.0
Steady Middle,34,7140.0,0.154,0.299,10.5,33.0,34,5550.0,0.393,26,5620.0
High-Income Investor,38,14210.0,0.189,0.354,4.8,128.55,17,54140.0,0.002,4,12940.0
Steady Middle,40,4270.0,0.152,0.276,8.0,59.07,20,6740.0,0.163,51,3990.0
Steady Middle,28,6670.0,0.095,0.406,8.7,40.76,34,2630.0,0.4,46,6270.0
Credit-Reliant Household,44,2600.0,-0.034,0.431,13.4,53.4,32,160.0,0.707,36,2690.0
Steady Middle,38,5600.0,0.158,0.313,9.0,31.34,34,6910.0,0.396,47,5250.0
Steady Middle,48,6800.0,0.14,0.324,10.8,94.34,35,3010.0,0.364,30,5350.0
Young Digital Spender,24,3530.0,0.073,0.512,21.3,24.97,33,20.0,0.488,30,3430.0
High-Income Investor,56,11070.0,0.376,0.263,5.8,209.7,15,135610.0,0.0,28,7640.0
Steady Middle,29,4180.0,0.092,0.424,10.8,39.22,35,4570.0,0.365,15,3650.0
High-Income Investor,47,11280.0,0.398,0.271,4.6,90.42,12,69080.0,0.084,55,7570.0
Credit-Reliant Household,28,4670.0,0.013,0.399,6.4,20.41,17,170.0,0.755,10,5050.0
Young Digital Spender,27,4230.0,0.028,0.473,25.1,53.89,42,190.0,0.176,6,3690.0
High-Income Investor,49,10100.0,0.338,0.416,4.3,193.76,22,134480.0,0.061,32,7110.0
Steady Middle,47,5120.0,0.097,0.417,5.6,75.11,35,2730.0,0.32,4,5270.0
Steady Middle,31,4290.0,0.138,0.321,10.7,51.74,13,3640.0,0.299,35,3730.0
Young Digital Spender,25,4490.0,0.045,0.64,14.5,24.23,70,150.0,0.347,42,3990.0
Budget-Conscious Saver,32,5850.0,0.236,0.248,4.0,68.4,30,500.0,0.11,43,4660.0
High-Income Investor,43,17610.0,0.466,0.401,5.0,95.73,19,39300.0,0.111,20,9070.0
Budget-Conscious Saver,39,6190.0,0.322,0.221,6.2,34.95,18,1010.0,0.142,17,4480.0
Young Digital Spender,25,4340.0,0.097,0.693,25.6,62.97,44,480.0,0.51,35,4470.0
High-Income Investor,48,13880.0,0.291,0.281,6.1,88.97,9,8580.0,0.042,43,8710.0
Steady Middle,46,7170.0,0.172,0.358,12.3,40.92,36,10100.0,0.306,53,6580.0
Young Digital Spender,27,3120.0,0.049,0.566,28.6,32.21,60,20.0,0.403,30,2910.0
Young Digital Spender,20,2250.0,-0.037,0.695,14.3,31.46,68,350.0,0.488,31,2170.0
Young Digital Spender,24,4200.0,0.058,0.654,20.3,22.19,73,210.0,0.431,25,3790.0
Steady Middle,48,4210.0,0.111,0.409,11.1,67.77,38,3470.0,0.3,44,3600.0
Budget-Conscious Saver,30,5510.0,0.249,0.107,5.2,64.71,20,2130.0,0.246,45,4550.0
Young Digital Spender,23,2490.0,0.033,0.553,12.8,58.52,55,70.0,0.421,47,2540.0
High-Income Investor,52,11440.0,0.228,0.37,8.0,155.65,20,60640.0,0.0,42,9010.0
Steady Middle,33,5180.0,0.104,0.345,9.6,31.05,12,7490.0,0.195,44,4840.0
Steady Middle,30,5290.0,0.155,0.385,7.0,35.67,24,3820.0,0.34,49,4080.0
Budget-Conscious Saver,27,5040.0,0.222,0.253,8.1,75.81,26,980.0,0.254,3,4270.0
Credit-Reliant Household,41,2580.0,0.031,0.429,5.3,26.28,20,230.0,1.0,44,2690.0
Budget-Conscious Saver,40,4070.0,0.269,0.136,10.2,66.38,23,6910.0,0.126,19,2720.0
High-Income Investor,55,8490.0,0.36,0.463,3.1,199.69,20,47790.0,0.112,11,5110.0
Credit-Reliant Household,31,2760.0,-0.015,0.427,13.2,42.9,34,450.0,0.795,57,2740.0
Steady Middle,31,5090.0,0.159,0.371,12.3,63.05,31,650.0,0.201,11,3690.0
Steady Middle,28,5030.0,0.139,0.409,12.4,42.41,26,12590.0,0.298,42,3740.0
Credit-Reliant Household,53,3750.0,0.051,0.47,11.5,36.51,45,260.0,0.787,7,3130.0
High-Income Investor,56,9530.0,0.256,0.404,5.2,196.02,10,46250.0,0.044,46,7250.0
Credit-Reliant Household,44,3510.0,-0.037,0.37,10.7,34.65,35,330.0,0.69,48,3210.0
Budget-Conscious Saver,41,5690.0,0.34,0.193,5.1,63.72,24,2050.0,0.184,5,4100.0
Credit-Reliant Household,34,4470.0,-0.061,0.317,9.9,20.57,42,150.0,0.802,38,5160.0
Budget-Conscious Saver,32,5740.0,0.202,0.25,8.0,58.74,34,1470.0,0.026,19,5140.0
Young Digital Spender,20,4220.0,0.093,0.555,26.8,41.48,41,290.0,0.315,45,3940.0
High-Income Investor,49,9230.0,0.215,0.31,6.9,122.75,25,26120.0,0.097,4,7130.0
Budget-Conscious Saver,41,5410.0,0.165,0.229,6.0,42.55,26,3830.0,0.204,37,4180.0
High-Income Investor,53,11260.0,0.188,0.248,2.8,191.49,22,26600.0,0.099,26,10450.0
Budget-Conscious Saver,29,5770.0,0.24,0.219,6.5,73.01,20,3470.0,0.208,32,4940.0
Budget-Conscious Saver,26,6390.0,0.26,0.255,8.2,37.32,32,1500.0,0.028,32,4270.0
Young Digital Spender,24,3820.0,0.064,0.576,16.2,45.31,55,0.0,0.34,55,4060.0
Steady Middle,26,7470.0,0.098,0.4,10.4,47.53,40,7330.0,0.229,40,7740.0
Young Digital Spender,21,2570.0,0.029,0.649,21.8,33.37,49,130.0,0.575,1,2780.0
Young Digital Spender,27,3760.0,0.106,0.466,10.5,35.74,49,430.0,0.352,48,3240.0
Young Digital Spender,24,2440.0,0.057,0.666,22.5,17.64,71,50.0,0.563,30,2510.0
Young Digital Spender,25,2550.0,0.086,0.403,22.1,13.61,48,380.0,0.515,1,2030.0
High-Income Investor,55,11150.0,0.25,0.296,4.6,92.2,12,122490.0,0.184,53,9490.0
Steady Middle,32,5660.0,0.158,0.313,6.8,58.75,35,8070.0,0.235,47,5470.0
Steady Middle,46,6160.0,0.095,0.346,12.5,42.49,38,6640.0,0.344,20,5560.0
Credit-Reliant Household,53,3560.0,-0.038,0.491,12.5,22.71,24,200.0,0.822,41,4090.0
Credit-Reliant Household,30,4600.0,-0.049,0.403,13.3,34.22,43,370.0,0.634,23,5450.0
Credit-Reliant Household,52,4930.0,-0.019,0.459,10.7,53.11,46,260.0,0.729,24,4950.0
High-Income Investor,37,17010.0,0.218,0.304,5.0,131.84,11,70330.0,0.119,31,11870.0
Young Digital Spender,25,2520.0,0.057,0.491,28.8,36.81,40,260.0,0.351,2,2150.0
Young Digital Spender,24,4470.0,0.04,0.677,23.7,26.34,44,480.0,0.319,43,3770.0
High-Income Investor,43,17830.0,0.294,0.395,5.0,101.28,9,162940.0,0.039,46,11530.0
High-Income Investor,35,11640.0,0.356,0.326,0.0,58.94,16,66410.0,0.17,7,7360.0
Steady Middle,37,6580.0,0.123,0.324,5.9,64.75,20,6790.0,0.192,6,5710.0
Young Digital Spender,24,2720.0,0.093,0.734,23.9,43.32,59,220.0,0.544,25,2520.0
High-Income Investor,50,12060.0,0.242,0.299,7.2,157.3,15,80190.0,0.087,57,8890.0
Budget-Conscious Saver,33,5380.0,0.22,0.19,4.9,80.52,16,5620.0,0.188,25,4380.0
Steady Middle,33,7910.0,0.07,0.313,6.0,58.65,17,13690.0,0.367,42,6660.0
Steady Middle,26,4040.0,0.099,0.33,9.7,53.89,24,1030.0,0.367,37,3380.0
Steady Middle,44,4020.0,0.111,0.216,10.3,35.19,19,10040.0,0.324,36,3640.0
Budget-Conscious Saver,41,5770.0,0.335,0.311,7.7,49.97,33,6530.0,0.147,44,3270.0
Budget-Conscious Saver,32,4010.0,0.326,0.238,5.5,44.93,16,1580.0,0.138,58,3060.0
Steady Middle,34,6520.0,0.203,0.311,6.9,32.65,22,4600.0,0.275,34,5910.0
Steady Middle,37,5750.0,0.069,0.312,9.9,60.74,28,3150.0,0.165,3,5210.0
Credit-Reliant Household,48,4600.0,-0.052,0.365,7.5,25.27,43,270.0,0.731,10,5560.0
Credit-Reliant Household,52,4300.0,0.042,0.337,10.5,53.69,25,20.0,0.739,18,4080.0
Budget-Conscious Saver,28,5040.0,0.159,0.257,6.6,82.87,32,3460.0,0.165,4,3730.0
Young Digital Spender,20,2960.0,0.05,0.578,12.9,63.3,54,240.0,0.458,30,3190.0
Credit-Reliant Household,28,2820.0,0.071,0.484,13.7,37.86,40,260.0,0.574,30,2480.0
Steady Middle,48,6800.0,0.116,0.299,10.3,57.12,20,1940.0,0.413,30,5690.0
Credit-Reliant Household,40,2780.0,0.021,0.473,12.2,16.01,29,380.0,0.812,56,2660.0
Young Digital Spender,21,3330.0,0.104,0.647,28.3,50.18,55,210.0,0.589,28,2860.0
Credit-Reliant Household,29,2660.0,-0.043,0.422,12.8,19.21,32,20.0,0.893,20,2620.0
Budget-Conscious Saver,25,3110.0,0.181,0.295,9.7,32.73,16,5230.0,0.034,29,2400.0
High-Income Investor,43,17760.0,0.285,0.35,4.7,192.66,23,108290.0,0.028,59,14440.0
Budget-Conscious Saver,36,6000.0,0.23,0.154,5.9,59.35,29,4460.0,0.114,23,4850.0
Steady Middle,41,5850.0,0.014,0.342,5.6,47.23,41,9940.0,0.319,35,4940.0
Steady Middle,32,4460.0,0.17,0.368,10.8,34.13,32,7420.0,0.329,39,4090.0
Credit-Reliant Household,36,4940.0,-0.001,0.377,9.9,37.02,16,10.0,0.787,28,5010.0
Young Digital Spender,24,3090.0,0.101,0.423,19.6,65.15,40,620.0,0.532,48,2870.0
Budget-Conscious Saver,35,4330.0,0.251,0.208,6.3,39.96,19,3160.0,0.111,51,3500.0
Credit-Reliant Household,36,3220.0,0.024,0.542,7.0,47.54,37,290.0,0.727,46,3240.0
Young Digital Spender,24,3290.0,0.043,0.685,15.4,55.94,36,270.0,0.425,46,2740.0
Credit-Reliant Household,51,3450.0,-0.068,0.351,3.3,41.65,37,480.0,1.0,58,3580.0
Budget-Conscious Saver,41,5250.0,0.275,0.263,9.6,47.19,16,5730.0,0.284,28,3490.0
Young Digital Spender,27,2600.0,0.013,0.583,22.8,46.59,71,810.0,0.216,30,2740.0
Budget-Conscious Saver,41,3510.0,0.34,0.202,4.4,69.5,19,2980.0,0.13,46,2500.0
High-Income Investor,41,12760.0,0.34,0.316,6.0,97.33,23,11750.0,0.096,12,8790.0
Steady Middle,45,7870.0,0.191,0.367,11.5,32.14,30,9790.0,0.224,59,6310.0
Young Digital Spender,23,3650.0,0.037,0.537,17.8,60.72,69,160.0,0.463,17,3290.0
Budget-Conscious Saver,29,4010.0,0.338,0.139,8.5,39.26,27,2520.0,0.242,44,2820.0
Steady Middle,47,6150.0,0.105,0.273,10.0,70.27,42,5590.0,0.294,43,6010.0
High-Income Investor,37,10480.0,0.187,0.455,1.6,82.04,11,74250.0,0.151,23,8430.0
